"NUTS","Year","emp_rate","unemp_rate"
"AL00",2009,0.47473,0.13674
"AL00",2010,0.47426,0.14086
"AL00",2011,0.51857,0.13481
"AL00",2012,0.49371,0.13376
"AL00",2013,0.44102,0.15866
"AL00",2014,0.43775,0.18055
"AL00",2015,0.45955,0.17193
"AL00",2016,0.48477,0.15418
"AL00",2017,0.50152,0.13616
"AL00",2018,0.52,0.12304
"AL00",2019,0.53392,0.11466
"AT11",2009,0.555,0.05
"AT11",2010,0.557,0.04
"AT11",2011,0.551,0.038
"AT11",2012,0.551,0.046
"AT11",2013,0.546,0.043
"AT11",2014,0.543,0.048
"AT11",2015,0.538,0.052
"AT11",2016,0.536,0.057
"AT11",2017,0.544,0.052
"AT11",2018,0.546,0.042
"AT11",2019,0.545,0.036
"AT12",2009,0.572,0.047
"AT12",2010,0.576,0.039
"AT12",2011,0.578,0.045
"AT12",2012,0.577,0.046
"AT12",2013,0.573,0.05
"AT12",2014,0.576,0.051
"AT12",2015,0.577,0.052
"AT12",2016,0.576,0.052
"AT12",2017,0.586,0.048
"AT12",2018,0.583,0.038
"AT12",2019,0.582,0.04
"AT13",2009,0.537,0.087
"AT13",2010,0.54,0.083
"AT13",2011,0.541,0.08
"AT13",2012,0.542,0.089
"AT13",2013,0.543,0.092
"AT13",2014,0.531,0.102
"AT13",2015,0.533,0.106
"AT13",2016,0.536,0.113
"AT13",2017,0.539,0.104
"AT13",2018,0.55,0.1
"AT13",2019,0.553,0.093
"AT21",2009,0.543,0.046
"AT21",2010,0.544,0.043
"AT21",2011,0.545,0.043
"AT21",2012,0.547,0.05
"AT21",2013,0.545,0.055
"AT21",2014,0.543,0.06
"AT21",2015,0.538,0.061
"AT21",2016,0.544,0.054
"AT21",2017,0.545,0.048
"AT21",2018,0.555,0.041
"AT21",2019,0.556,0.038
"AT22",2009,0.561,0.05
"AT22",2010,0.565,0.045
"AT22",2011,0.572,0.036
"AT22",2012,0.567,0.04
"AT22",2013,0.567,0.047
"AT22",2014,0.563,0.049
"AT22",2015,0.562,0.047
"AT22",2016,0.564,0.051
"AT22",2017,0.569,0.045
"AT22",2018,0.575,0.04
"AT22",2019,0.583,0.032
"AT31",2009,0.604,0.042
"AT31",2010,0.606,0.039
"AT31",2011,0.608,0.034
"AT31",2012,0.611,0.033
"AT31",2013,0.607,0.043
"AT31",2014,0.61,0.04
"AT31",2015,0.606,0.041
"AT31",2016,0.612,0.044
"AT31",2017,0.609,0.04
"AT31",2018,0.613,0.032
"AT31",2019,0.616,0.029
"AT32",2009,0.607,0.036
"AT32",2010,0.607,0.032
"AT32",2011,0.615,0.029
"AT32",2012,0.616,0.029
"AT32",2013,0.616,0.032
"AT32",2014,0.599,0.035
"AT32",2015,0.601,0.035
"AT32",2016,0.606,0.034
"AT32",2017,0.609,0.031
"AT32",2018,0.618,0.028
"AT32",2019,0.62,0.024
"AT33",2009,0.608,0.033
"AT33",2010,0.606,0.032
"AT33",2011,0.606,0.027
"AT33",2012,0.612,0.028
"AT33",2013,0.617,0.031
"AT33",2014,0.608,0.032
"AT33",2015,0.608,0.03
"AT33",2016,0.607,0.035
"AT33",2017,0.61,0.033
"AT33",2018,0.617,0.024
"AT33",2019,0.618,0.021
"AT34",2009,0.601,0.056
"AT34",2010,0.601,0.046
"AT34",2011,0.607,0.041
"AT34",2012,0.612,0.04
"AT34",2013,0.608,0.036
"AT34",2014,0.615,0.034
"AT34",2015,0.616,0.035
"AT34",2016,0.629,0.034
"AT34",2017,0.624,0.037
"AT34",2018,0.626,0.033
"AT34",2019,0.626,0.032
"BA00",2009,0.32784,0.24068
"BA00",2010,0.32102,0.27312
"BA00",2011,0.31615,0.27582
"BA00",2012,0.31526,0.2801
"BA00",2013,0.31419,0.2749
"BA00",2014,0.31476,0.27517
"BA00",2015,0.31735,0.27695
"BA00",2016,0.32115,0.25408
"BA00",2017,0.33608,0.20527
"BA00",2018,0.34195,0.184
"BA00",2019,0.35242,0.15692
"BE10",2009,0.46,0.157
"BE10",2010,0.459,0.173
"BE10",2011,0.453,0.169
"BE10",2012,0.455,0.174
"BE10",2013,0.443,0.192
"BE10",2014,0.458,0.183
"BE10",2015,0.459,0.173
"BE10",2016,0.467,0.168
"BE10",2017,0.481,0.148
"BE10",2018,0.486,0.132
"BE10",2019,0.488,0.126
"BE21",2009,0.506,0.057
"BE21",2010,0.513,0.06
"BE21",2011,0.505,0.057
"BE21",2012,0.505,0.053
"BE21",2013,0.504,0.062
"BE21",2014,0.503,0.061
"BE21",2015,0.506,0.061
"BE21",2016,0.498,0.061
"BE21",2017,0.514,0.059
"BE21",2018,0.532,0.043
"BE21",2019,0.541,0.036
"BE22",2009,0.518,0.054
"BE22",2010,0.521,0.053
"BE22",2011,0.523,0.046
"BE22",2012,0.513,0.047
"BE22",2013,0.51,0.055
"BE22",2014,0.506,0.056
"BE22",2015,0.501,0.06
"BE22",2016,0.506,0.048
"BE22",2017,0.524,0.041
"BE22",2018,0.526,0.038
"BE22",2019,0.53,0.036
"BE23",2009,0.536,0.042
"BE23",2010,0.535,0.052
"BE23",2011,0.531,0.038
"BE23",2012,0.53,0.041
"BE23",2013,0.536,0.04
"BE23",2014,0.534,0.043
"BE23",2015,0.528,0.044
"BE23",2016,0.531,0.042
"BE23",2017,0.536,0.034
"BE23",2018,0.552,0.027
"BE23",2019,0.557,0.029
"BE24",2009,0.534,0.049
"BE24",2010,0.534,0.048
"BE24",2011,0.538,0.035
"BE24",2012,0.532,0.044
"BE24",2013,0.529,0.055
"BE24",2014,0.53,0.05
"BE24",2015,0.528,0.051
"BE24",2016,0.527,0.048
"BE24",2017,0.534,0.047
"BE24",2018,0.547,0.036
"BE24",2019,0.55,0.036
"BE25",2009,0.507,0.043
"BE25",2010,0.514,0.038
"BE25",2011,0.512,0.032
"BE25",2012,0.505,0.039
"BE25",2013,0.51,0.039
"BE25",2014,0.509,0.042
"BE25",2015,0.51,0.042
"BE25",2016,0.511,0.037
"BE25",2017,0.525,0.032
"BE25",2018,0.534,0.026
"BE25",2019,0.541,0.025
"BE31",2009,0.5,0.069
"BE31",2010,0.505,0.083
"BE31",2011,0.502,0.067
"BE31",2012,0.506,0.07
"BE31",2013,0.504,0.082
"BE31",2014,0.501,0.088
"BE31",2015,0.5,0.078
"BE31",2016,0.497,0.079
"BE31",2017,0.516,0.075
"BE31",2018,0.514,0.069
"BE31",2019,0.519,0.055
"BE32",2009,0.421,0.132
"BE32",2010,0.428,0.139
"BE32",2011,0.431,0.117
"BE32",2012,0.432,0.121
"BE32",2013,0.429,0.132
"BE32",2014,0.419,0.144
"BE32",2015,0.42,0.133
"BE32",2016,0.432,0.118
"BE32",2017,0.432,0.114
"BE32",2018,0.433,0.099
"BE32",2019,0.439,0.086
"BE33",2009,0.455,0.121
"BE33",2010,0.454,0.115
"BE33",2011,0.459,0.095
"BE33",2012,0.456,0.107
"BE33",2013,0.455,0.117
"BE33",2014,0.442,0.123
"BE33",2015,0.445,0.128
"BE33",2016,0.443,0.111
"BE33",2017,0.446,0.105
"BE33",2018,0.459,0.082
"BE33",2019,0.466,0.067
"BE34",2009,0.501,0.074
"BE34",2010,0.513,0.075
"BE34",2011,0.508,0.062
"BE34",2012,0.513,0.076
"BE34",2013,0.517,0.079
"BE34",2014,0.505,0.085
"BE34",2015,0.497,0.093
"BE34",2016,0.501,0.078
"BE34",2017,0.522,0.067
"BE34",2018,0.522,0.054
"BE34",2019,0.528,0.054
"BE35",2009,0.477,0.094
"BE35",2010,0.482,0.096
"BE35",2011,0.475,0.08
"BE35",2012,0.483,0.073
"BE35",2013,0.466,0.104
"BE35",2014,0.486,0.089
"BE35",2015,0.459,0.109
"BE35",2016,0.464,0.097
"BE35",2017,0.487,0.074
"BE35",2018,0.485,0.085
"BE35",2019,0.48,0.07
"BG31",2009,0.429,0.08
"BG31",2010,0.412,0.112
"BG31",2011,0.399,0.128
"BG31",2012,0.396,0.123
"BG31",2013,0.402,0.14
"BG31",2014,0.402,0.142
"BG31",2015,0.41,0.121
"BG31",2016,0.398,0.106
"BG31",2017,0.417,0.113
"BG31",2018,0.424,0.112
"BG31",2019,0.43,0.108
"BG32",2009,0.452,0.084
"BG32",2010,0.433,0.116
"BG32",2011,0.428,0.128
"BG32",2012,0.429,0.143
"BG32",2013,0.428,0.153
"BG32",2014,0.44,0.132
"BG32",2015,0.458,0.106
"BG32",2016,0.462,0.093
"BG32",2017,0.479,0.069
"BG32",2018,0.484,0.067
"BG32",2019,0.523,0.051
"BG33",2009,0.483,0.104
"BG33",2010,0.465,0.146
"BG33",2011,0.453,0.154
"BG33",2012,0.444,0.182
"BG33",2013,0.454,0.168
"BG33",2014,0.479,0.126
"BG33",2015,0.502,0.103
"BG33",2016,0.497,0.097
"BG33",2017,0.516,0.094
"BG33",2018,0.513,0.074
"BG33",2019,0.528,0.059
"BG34",2009,0.476,0.066
"BG34",2010,0.474,0.105
"BG34",2011,0.463,0.115
"BG34",2012,0.466,0.119
"BG34",2013,0.455,0.13
"BG34",2014,0.457,0.119
"BG34",2015,0.472,0.104
"BG34",2016,0.484,0.079
"BG34",2017,0.51,0.07
"BG34",2018,0.517,0.054
"BG34",2019,0.535,0.04
"BG41",2009,0.565,0.041
"BG41",2010,0.548,0.069
"BG41",2011,0.532,0.075
"BG41",2012,0.529,0.082
"BG41",2013,0.527,0.098
"BG41",2014,0.533,0.089
"BG41",2015,0.545,0.067
"BG41",2016,0.549,0.054
"BG41",2017,0.575,0.033
"BG41",2018,0.587,0.026
"BG41",2019,0.6,0.023
"BG42",2009,0.48,0.073
"BG42",2010,0.459,0.115
"BG42",2011,0.442,0.129
"BG42",2012,0.449,0.138
"BG42",2013,0.467,0.135
"BG42",2014,0.484,0.12
"BG42",2015,0.482,0.092
"BG42",2016,0.483,0.071
"BG42",2017,0.524,0.052
"BG42",2018,0.52,0.042
"BG42",2019,0.538,0.03
"CY00",2009,0.603,0.054
"CY00",2010,0.602,0.063
"CY00",2011,0.587,0.079
"CY00",2012,0.559,0.118
"CY00",2013,0.533,0.159
"CY00",2014,0.535,0.161
"CY00",2015,0.53,0.149
"CY00",2016,0.533,0.13
"CY00",2017,0.548,0.111
"CY00",2018,0.572,0.084
"CY00",2019,0.585,0.071
"CZ01",2009,0.607,0.031
"CZ01",2010,0.599,0.037
"CZ01",2011,0.59,0.036
"CZ01",2012,0.6,0.031
"CZ01",2013,0.602,0.031
"CZ01",2014,0.606,0.025
"CZ01",2015,0.602,0.028
"CZ01",2016,0.614,0.022
"CZ01",2017,0.631,0.017
"CZ01",2018,0.644,0.013
"CZ01",2019,0.645,0.013
"CZ02",2009,0.57,0.044
"CZ02",2010,0.566,0.052
"CZ02",2011,0.569,0.051
"CZ02",2012,0.576,0.046
"CZ02",2013,0.576,0.052
"CZ02",2014,0.579,0.051
"CZ02",2015,0.59,0.035
"CZ02",2016,0.592,0.031
"CZ02",2017,0.602,0.021
"CZ02",2018,0.609,0.02
"CZ02",2019,0.613,0.013
"CZ03",2009,0.561,0.052
"CZ03",2010,0.553,0.056
"CZ03",2011,0.558,0.053
"CZ03",2012,0.555,0.053
"CZ03",2013,0.559,0.052
"CZ03",2014,0.564,0.055
"CZ03",2015,0.574,0.039
"CZ03",2016,0.58,0.031
"CZ03",2017,0.589,0.021
"CZ03",2018,0.59,0.015
"CZ03",2019,0.589,0.015
"CZ04",2009,0.523,0.103
"CZ04",2010,0.521,0.111
"CZ04",2011,0.526,0.095
"CZ04",2012,0.515,0.107
"CZ04",2013,0.529,0.096
"CZ04",2014,0.534,0.087
"CZ04",2015,0.538,0.073
"CZ04",2016,0.559,0.052
"CZ04",2017,0.567,0.034
"CZ04",2018,0.571,0.034
"CZ04",2019,0.569,0.03
"CZ05",2009,0.535,0.073
"CZ05",2010,0.536,0.07
"CZ05",2011,0.536,0.066
"CZ05",2012,0.534,0.08
"CZ05",2013,0.539,0.083
"CZ05",2014,0.551,0.063
"CZ05",2015,0.56,0.052
"CZ05",2016,0.571,0.04
"CZ05",2017,0.577,0.028
"CZ05",2018,0.581,0.02
"CZ05",2019,0.582,0.017
"CZ06",2009,0.539,0.065
"CZ06",2010,0.538,0.075
"CZ06",2011,0.535,0.072
"CZ06",2012,0.537,0.076
"CZ06",2013,0.554,0.068
"CZ06",2014,0.556,0.059
"CZ06",2015,0.564,0.049
"CZ06",2016,0.575,0.037
"CZ06",2017,0.579,0.031
"CZ06",2018,0.585,0.023
"CZ06",2019,0.588,0.019
"CZ07",2009,0.53,0.075
"CZ07",2010,0.513,0.088
"CZ07",2011,0.523,0.076
"CZ07",2012,0.531,0.075
"CZ07",2013,0.53,0.08
"CZ07",2014,0.534,0.069
"CZ07",2015,0.549,0.053
"CZ07",2016,0.558,0.039
"CZ07",2017,0.567,0.033
"CZ07",2018,0.58,0.022
"CZ07",2019,0.573,0.022
"CZ08",2009,0.52,0.097
"CZ08",2010,0.509,0.102
"CZ08",2011,0.513,0.093
"CZ08",2012,0.518,0.095
"CZ08",2013,0.521,0.099
"CZ08",2014,0.528,0.086
"CZ08",2015,0.532,0.081
"CZ08",2016,0.552,0.069
"CZ08",2017,0.566,0.047
"CZ08",2018,0.576,0.037
"CZ08",2019,0.569,0.037
"DE11",2009,0.583,0.053
"DE11",2010,0.577,0.05
"DE11",2011,0.593,0.036
"DE11",2012,0.597,0.034
"DE11",2013,0.604,0.036
"DE11",2014,0.613,0.031
"DE11",2015,0.616,0.033
"DE11",2016,0.625,0.033
"DE11",2017,0.629,0.03
"DE11",2018,0.634,0.023
"DE11",2019,0.64,0.024
"DE12",2009,0.563,0.056
"DE12",2010,0.566,0.052
"DE12",2011,0.582,0.042
"DE12",2012,0.587,0.04
"DE12",2013,0.599,0.036
"DE12",2014,0.595,0.035
"DE12",2015,0.596,0.033
"DE12",2016,0.605,0.031
"DE12",2017,0.602,0.033
"DE12",2018,0.611,0.029
"DE12",2019,0.624,0.028
"DE13",2009,0.597,0.044
"DE13",2010,0.604,0.039
"DE13",2011,0.616,0.03
"DE13",2012,0.621,0.028
"DE13",2013,0.623,0.029
"DE13",2014,0.621,0.03
"DE13",2015,0.62,0.025
"DE13",2016,0.626,0.03
"DE13",2017,0.627,0.029
"DE13",2018,0.633,0.026
"DE13",2019,0.633,0.021
"DE14",2009,0.589,0.05
"DE14",2010,0.599,0.045
"DE14",2011,0.617,0.031
"DE14",2012,0.614,0.027
"DE14",2013,0.627,0.029
"DE14",2014,0.621,0.026
"DE14",2015,0.619,0.03
"DE14",2016,0.636,0.026
"DE14",2017,0.641,0.022
"DE14",2018,0.635,0.019
"DE14",2019,0.643,0.019
"DE21",2009,0.604,0.042
"DE21",2010,0.608,0.036
"DE21",2011,0.619,0.027
"DE21",2012,0.624,0.027
"DE21",2013,0.629,0.025
"DE21",2014,0.632,0.025
"DE21",2015,0.628,0.027
"DE21",2016,0.644,0.024
"DE21",2017,0.647,0.022
"DE21",2018,0.641,0.023
"DE21",2019,0.652,0.019
"DE22",2009,0.59,0.05
"DE22",2010,0.602,0.039
"DE22",2011,0.614,0.028
"DE22",2012,0.608,0.033
"DE22",2013,0.616,0.032
"DE22",2014,0.617,0.028
"DE22",2015,0.62,0.025
"DE22",2016,0.628,0.021
"DE22",2017,0.636,0.021
"DE22",2018,0.629,0.02
"DE22",2019,0.638,0.02
"DE23",2009,0.59,0.05
"DE23",2010,0.585,0.04
"DE23",2011,0.598,0.034
"DE23",2012,0.602,0.032
"DE23",2013,0.609,0.034
"DE23",2014,0.621,0.027
"DE23",2015,0.614,0.027
"DE23",2016,0.614,0.028
"DE23",2017,0.621,0.022
"DE23",2018,0.626,0.019
"DE23",2019,0.632,0.022
"DE24",2009,0.549,0.067
"DE24",2010,0.55,0.059
"DE24",2011,0.582,0.042
"DE24",2012,0.596,0.033
"DE24",2013,0.603,0.039
"DE24",2014,0.602,0.04
"DE24",2015,0.593,0.038
"DE24",2016,0.606,0.033
"DE24",2017,0.602,0.03
"DE24",2018,0.61,0.023
"DE24",2019,0.62,0.023
"DE25",2009,0.584,0.064
"DE25",2010,0.593,0.055
"DE25",2011,0.607,0.04
"DE25",2012,0.608,0.037
"DE25",2013,0.6,0.031
"DE25",2014,0.604,0.031
"DE25",2015,0.596,0.03
"DE25",2016,0.61,0.025
"DE25",2017,0.609,0.021
"DE25",2018,0.611,0.018
"DE25",2019,0.606,0.021
"DE26",2009,0.572,0.057
"DE26",2010,0.582,0.051
"DE26",2011,0.597,0.035
"DE26",2012,0.603,0.034
"DE26",2013,0.602,0.033
"DE26",2014,0.602,0.029
"DE26",2015,0.602,0.03
"DE26",2016,0.603,0.025
"DE26",2017,0.605,0.023
"DE26",2018,0.624,0.02
"DE26",2019,0.628,0.02
"DE27",2009,0.588,0.047
"DE27",2010,0.598,0.042
"DE27",2011,0.603,0.034
"DE27",2012,0.602,0.032
"DE27",2013,0.607,0.033
"DE27",2014,0.601,0.03
"DE27",2015,0.604,0.03
"DE27",2016,0.619,0.027
"DE27",2017,0.622,0.026
"DE27",2018,0.624,0.024
"DE27",2019,0.631,0.022
"DE30",2009,0.515,0.137
"DE30",2010,0.521,0.128
"DE30",2011,0.536,0.116
"DE30",2012,0.542,0.104
"DE30",2013,0.548,0.104
"DE30",2014,0.553,0.098
"DE30",2015,0.551,0.094
"DE30",2016,0.574,0.078
"DE30",2017,0.585,0.07
"DE30",2018,0.596,0.061
"DE30",2019,0.603,0.053
"DE40",2009,0.552,0.113
"DE40",2010,0.558,0.098
"DE40",2011,0.563,0.088
"DE40",2012,0.564,0.082
"DE40",2013,0.563,0.073
"DE40",2014,0.563,0.067
"DE40",2015,0.565,0.057
"DE40",2016,0.581,0.046
"DE40",2017,0.579,0.045
"DE40",2018,0.579,0.041
"DE40",2019,0.58,0.034
"DE50",2009,0.492,0.091
"DE50",2010,0.51,0.079
"DE50",2011,0.528,0.077
"DE50",2012,0.529,0.066
"DE50",2013,0.524,0.07
"DE50",2014,0.534,0.066
"DE50",2015,0.527,0.056
"DE50",2016,0.563,0.053
"DE50",2017,0.561,0.043
"DE50",2018,0.564,0.043
"DE50",2019,0.569,0.051
"DE60",2009,0.566,0.072
"DE60",2010,0.569,0.07
"DE60",2011,0.579,0.053
"DE60",2012,0.581,0.053
"DE60",2013,0.59,0.047
"DE60",2014,0.598,0.05
"DE60",2015,0.598,0.043
"DE60",2016,0.61,0.041
"DE60",2017,0.619,0.042
"DE60",2018,0.614,0.041
"DE60",2019,0.625,0.036
"DE71",2009,0.564,0.063
"DE71",2010,0.565,0.058
"DE71",2011,0.584,0.047
"DE71",2012,0.583,0.048
"DE71",2013,0.588,0.043
"DE71",2014,0.577,0.045
"DE71",2015,0.584,0.041
"DE71",2016,0.596,0.04
"DE71",2017,0.602,0.035
"DE71",2018,0.602,0.031
"DE71",2019,0.612,0.031
"DE72",2009,0.546,0.067
"DE72",2010,0.547,0.06
"DE72",2011,0.57,0.051
"DE72",2012,0.565,0.05
"DE72",2013,0.575,0.045
"DE72",2014,0.579,0.045
"DE72",2015,0.576,0.038
"DE72",2016,0.59,0.04
"DE72",2017,0.579,0.036
"DE72",2018,0.57,0.036
"DE72",2019,0.58,0.033
"DE73",2009,0.529,0.066
"DE73",2010,0.542,0.06
"DE73",2011,0.564,0.044
"DE73",2012,0.565,0.045
"DE73",2013,0.569,0.043
"DE73",2014,0.567,0.044
"DE73",2015,0.577,0.036
"DE73",2016,0.571,0.037
"DE73",2017,0.583,0.025
"DE73",2018,0.584,0.029
"DE73",2019,0.595,0.028
"DE80",2009,0.527,0.139
"DE80",2010,0.536,0.123
"DE80",2011,0.543,0.101
"DE80",2012,0.532,0.108
"DE80",2013,0.534,0.1
"DE80",2014,0.531,0.096
"DE80",2015,0.533,0.078
"DE80",2016,0.545,0.063
"DE80",2017,0.548,0.051
"DE80",2018,0.54,0.048
"DE80",2019,0.553,0.04
"DE91",2009,0.516,0.085
"DE91",2010,0.522,0.071
"DE91",2011,0.545,0.062
"DE91",2012,0.543,0.055
"DE91",2013,0.539,0.062
"DE91",2014,0.538,0.055
"DE91",2015,0.545,0.049
"DE91",2016,0.547,0.046
"DE91",2017,0.555,0.044
"DE91",2018,0.564,0.04
"DE91",2019,0.576,0.033
"DE92",2009,0.53,0.079
"DE92",2010,0.534,0.07
"DE92",2011,0.546,0.067
"DE92",2012,0.562,0.054
"DE92",2013,0.565,0.054
"DE92",2014,0.563,0.052
"DE92",2015,0.561,0.047
"DE92",2016,0.558,0.047
"DE92",2017,0.567,0.045
"DE92",2018,0.574,0.041
"DE92",2019,0.59,0.035
"DE93",2009,0.561,0.054
"DE93",2010,0.562,0.057
"DE93",2011,0.571,0.053
"DE93",2012,0.574,0.044
"DE93",2013,0.573,0.043
"DE93",2014,0.583,0.04
"DE93",2015,0.592,0.035
"DE93",2016,0.588,0.033
"DE93",2017,0.597,0.034
"DE93",2018,0.591,0.024
"DE93",2019,0.596,0.026
"DE94",2009,0.546,0.059
"DE94",2010,0.555,0.059
"DE94",2011,0.57,0.042
"DE94",2012,0.572,0.043
"DE94",2013,0.583,0.04
"DE94",2014,0.581,0.041
"DE94",2015,0.575,0.039
"DE94",2016,0.593,0.036
"DE94",2017,0.6,0.03
"DE94",2018,0.606,0.027
"DE94",2019,0.607,0.029
"DEA1",2009,0.518,0.077
"DEA1",2010,0.52,0.076
"DEA1",2011,0.534,0.067
"DEA1",2012,0.536,0.065
"DEA1",2013,0.538,0.063
"DEA1",2014,0.54,0.063
"DEA1",2015,0.539,0.059
"DEA1",2016,0.55,0.049
"DEA1",2017,0.558,0.043
"DEA1",2018,0.559,0.043
"DEA1",2019,0.567,0.038
"DEA2",2009,0.534,0.071
"DEA2",2010,0.533,0.07
"DEA2",2011,0.543,0.06
"DEA2",2012,0.543,0.054
"DEA2",2013,0.543,0.058
"DEA2",2014,0.547,0.053
"DEA2",2015,0.551,0.048
"DEA2",2016,0.574,0.039
"DEA2",2017,0.577,0.037
"DEA2",2018,0.574,0.036
"DEA2",2019,0.585,0.034
"DEA3",2009,0.532,0.073
"DEA3",2010,0.537,0.066
"DEA3",2011,0.55,0.053
"DEA3",2012,0.553,0.049
"DEA3",2013,0.553,0.051
"DEA3",2014,0.559,0.049
"DEA3",2015,0.565,0.044
"DEA3",2016,0.571,0.043
"DEA3",2017,0.571,0.039
"DEA3",2018,0.587,0.036
"DEA3",2019,0.594,0.034
"DEA4",2009,0.536,0.077
"DEA4",2010,0.535,0.07
"DEA4",2011,0.552,0.055
"DEA4",2012,0.563,0.047
"DEA4",2013,0.567,0.05
"DEA4",2014,0.569,0.05
"DEA4",2015,0.571,0.047
"DEA4",2016,0.577,0.041
"DEA4",2017,0.582,0.039
"DEA4",2018,0.589,0.032
"DEA4",2019,0.591,0.03
"DEA5",2009,0.508,0.092
"DEA5",2010,0.508,0.082
"DEA5",2011,0.526,0.071
"DEA5",2012,0.528,0.066
"DEA5",2013,0.531,0.065
"DEA5",2014,0.541,0.057
"DEA5",2015,0.533,0.057
"DEA5",2016,0.547,0.05
"DEA5",2017,0.551,0.046
"DEA5",2018,0.563,0.04
"DEA5",2019,0.57,0.039
"DEB1",2009,0.545,0.067
"DEB1",2010,0.559,0.051
"DEB1",2011,0.567,0.044
"DEB1",2012,0.571,0.04
"DEB1",2013,0.571,0.038
"DEB1",2014,0.568,0.04
"DEB1",2015,0.574,0.034
"DEB1",2016,0.589,0.034
"DEB1",2017,0.588,0.031
"DEB1",2018,0.59,0.027
"DEB1",2019,0.601,0.022
"DEB2",2009,0.583,0.046
"DEB2",2010,0.584,0.041
"DEB2",2011,0.579,0.041
"DEB2",2012,0.586,0.027
"DEB2",2013,0.589,0.03
"DEB2",2014,0.603,0.03
"DEB2",2015,0.605,0.029
"DEB2",2016,0.606,0.027
"DEB2",2017,0.61,0.02
"DEB2",2018,0.617,0.025
"DEB2",2019,0.631,0.02
"DEB3",2009,0.548,0.058
"DEB3",2010,0.546,0.06
"DEB3",2011,0.556,0.052
"DEB3",2012,0.565,0.043
"DEB3",2013,0.572,0.044
"DEB3",2014,0.577,0.039
"DEB3",2015,0.571,0.041
"DEB3",2016,0.58,0.041
"DEB3",2017,0.581,0.038
"DEB3",2018,0.582,0.035
"DEB3",2019,0.594,0.033
"DEC0",2009,0.513,0.084
"DEC0",2010,0.514,0.069
"DEC0",2011,0.522,0.058
"DEC0",2012,0.528,0.062
"DEC0",2013,0.532,0.059
"DEC0",2014,0.529,0.058
"DEC0",2015,0.533,0.056
"DEC0",2016,0.55,0.048
"DEC0",2017,0.551,0.045
"DEC0",2018,0.559,0.036
"DEC0",2019,0.561,0.037
"DED2",2009,0.521,0.12
"DED2",2010,0.533,0.103
"DED2",2011,0.542,0.086
"DED2",2012,0.539,0.075
"DED2",2013,0.54,0.072
"DED2",2014,0.546,0.074
"DED2",2015,0.552,0.062
"DED2",2016,0.562,0.049
"DED2",2017,0.57,0.043
"DED2",2018,0.568,0.04
"DED2",2019,0.583,0.035
"DED4",2009,0.511,0.125
"DED4",2010,0.513,0.115
"DED4",2011,0.525,0.088
"DED4",2012,0.524,0.079
"DED4",2013,0.534,0.074
"DED4",2014,0.546,0.063
"DED4",2015,0.539,0.054
"DED4",2016,0.551,0.044
"DED4",2017,0.556,0.041
"DED4",2018,0.549,0.034
"DED4",2019,0.553,0.037
"DED5",2009,0.529,0.131
"DED5",2010,0.534,0.121
"DED5",2011,0.546,0.111
"DED5",2012,0.551,0.095
"DED5",2013,0.56,0.092
"DED5",2014,0.566,0.083
"DED5",2015,0.561,0.077
"DED5",2016,0.575,0.06
"DED5",2017,0.577,0.051
"DED5",2018,0.583,0.047
"DED5",2019,0.582,0.047
"DEE0",2009,0.513,0.137
"DEE0",2010,0.522,0.114
"DEE0",2011,0.54,0.104
"DEE0",2012,0.535,0.095
"DEE0",2013,0.538,0.091
"DEE0",2014,0.537,0.088
"DEE0",2015,0.536,0.08
"DEE0",2016,0.538,0.074
"DEE0",2017,0.533,0.069
"DEE0",2018,0.536,0.053
"DEE0",2019,0.543,0.046
"DEF0",2009,0.55,0.073
"DEF0",2010,0.55,0.066
"DEF0",2011,0.56,0.058
"DEF0",2012,0.565,0.05
"DEF0",2013,0.56,0.049
"DEF0",2014,0.561,0.046
"DEF0",2015,0.562,0.042
"DEF0",2016,0.566,0.04
"DEF0",2017,0.573,0.036
"DEF0",2018,0.581,0.031
"DEF0",2019,0.593,0.029
"DEG0",2009,0.539,0.107
"DEG0",2010,0.558,0.086
"DEG0",2011,0.569,0.076
"DEG0",2012,0.566,0.072
"DEG0",2013,0.567,0.06
"DEG0",2014,0.563,0.06
"DEG0",2015,0.551,0.058
"DEG0",2016,0.561,0.051
"DEG0",2017,0.569,0.044
"DEG0",2018,0.563,0.041
"DEG0",2019,0.568,0.037
"DK01",2009,0.584,0.065
"DK01",2010,0.594,0.08
"DK01",2011,0.606,0.083
"DK01",2012,0.601,0.084
"DK01",2013,0.597,0.077
"DK01",2014,0.601,0.075
"DK01",2015,0.61,0.068
"DK01",2016,0.621,0.062
"DK01",2017,0.62,0.062
"DK01",2018,0.618,0.054
"DK01",2019,0.625,0.051
"DK02",2009,0.598,0.056
"DK02",2010,0.575,0.071
"DK02",2011,0.561,0.074
"DK02",2012,0.556,0.067
"DK02",2013,0.543,0.073
"DK02",2014,0.543,0.066
"DK02",2015,0.539,0.06
"DK02",2016,0.542,0.062
"DK02",2017,0.55,0.056
"DK02",2018,0.55,0.052
"DK02",2019,0.558,0.049
"DK03",2009,0.597,0.065
"DK03",2010,0.57,0.08
"DK03",2011,0.567,0.077
"DK03",2012,0.554,0.08
"DK03",2013,0.542,0.077
"DK03",2014,0.543,0.07
"DK03",2015,0.548,0.062
"DK03",2016,0.549,0.061
"DK03",2017,0.56,0.061
"DK03",2018,0.569,0.049
"DK03",2019,0.569,0.048
"DK04",2009,0.633,0.062
"DK04",2010,0.604,0.076
"DK04",2011,0.59,0.071
"DK04",2012,0.584,0.072
"DK04",2013,0.581,0.069
"DK04",2014,0.573,0.063
"DK04",2015,0.579,0.057
"DK04",2016,0.584,0.054
"DK04",2017,0.582,0.054
"DK04",2018,0.595,0.047
"DK04",2019,0.603,0.049
"DK05",2009,0.609,0.074
"DK05",2010,0.57,0.077
"DK05",2011,0.55,0.081
"DK05",2012,0.544,0.082
"DK05",2013,0.55,0.069
"DK05",2014,0.564,0.069
"DK05",2015,0.562,0.064
"DK05",2016,0.56,0.06
"DK05",2017,0.551,0.056
"DK05",2018,0.559,0.055
"DK05",2019,0.567,0.058
"EE00",2009,0.525,0.135
"EE00",2010,0.504,0.167
"EE00",2011,0.537,0.123
"EE00",2012,0.552,0.1
"EE00",2013,0.56,0.086
"EE00",2014,0.566,0.074
"EE00",2015,0.581,0.064
"EE00",2016,0.587,0.069
"EE00",2017,0.599,0.058
"EE00",2018,0.604,0.054
"EE00",2019,0.607,0.045
"EL30",2009,0.507,0.091
"EL30",2010,0.486,0.126
"EL30",2011,0.451,0.18
"EL30",2012,0.41,0.258
"EL30",2013,0.391,0.287
"EL30",2014,0.396,0.273
"EL30",2015,0.403,0.252
"EL30",2016,0.413,0.23
"EL30",2017,0.418,0.216
"EL30",2018,0.425,0.199
"EL30",2019,0.447,0.169
"EL41",2009,0.425,0.066
"EL41",2010,0.431,0.094
"EL41",2011,0.397,0.15
"EL41",2012,0.384,0.218
"EL41",2013,0.381,0.22
"EL41",2014,0.364,0.223
"EL41",2015,0.378,0.18
"EL41",2016,0.402,0.183
"EL41",2017,0.421,0.225
"EL41",2018,0.426,0.223
"EL41",2019,0.45,0.176
"EL42",2009,0.512,0.123
"EL42",2010,0.489,0.146
"EL42",2011,0.478,0.152
"EL42",2012,0.468,0.154
"EL42",2013,0.439,0.213
"EL42",2014,0.447,0.201
"EL42",2015,0.473,0.149
"EL42",2016,0.47,0.174
"EL42",2017,0.465,0.16
"EL42",2018,0.478,0.169
"EL42",2019,0.485,0.137
"EL43",2009,0.522,0.09
"EL43",2010,0.505,0.12
"EL43",2011,0.48,0.158
"EL43",2012,0.432,0.223
"EL43",2013,0.416,0.249
"EL43",2014,0.413,0.24
"EL43",2015,0.406,0.242
"EL43",2016,0.425,0.226
"EL43",2017,0.45,0.177
"EL43",2018,0.472,0.134
"EL43",2019,0.486,0.117
"EL51",2009,0.456,0.111
"EL51",2010,0.443,0.145
"EL51",2011,0.401,0.202
"EL51",2012,0.38,0.228
"EL51",2013,0.36,0.268
"EL51",2014,0.377,0.242
"EL51",2015,0.381,0.234
"EL51",2016,0.391,0.228
"EL51",2017,0.403,0.195
"EL51",2018,0.419,0.159
"EL51",2019,0.423,0.162
"EL52",2009,0.455,0.101
"EL52",2010,0.44,0.137
"EL52",2011,0.402,0.197
"EL52",2012,0.367,0.262
"EL52",2013,0.345,0.302
"EL52",2014,0.352,0.287
"EL52",2015,0.377,0.26
"EL52",2016,0.387,0.245
"EL52",2017,0.391,0.229
"EL52",2018,0.402,0.207
"EL52",2019,0.404,0.196
"EL53",2009,0.439,0.124
"EL53",2010,0.415,0.154
"EL53",2011,0.376,0.231
"EL53",2012,0.333,0.297
"EL53",2013,0.32,0.316
"EL53",2014,0.343,0.276
"EL53",2015,0.339,0.307
"EL53",2016,0.342,0.313
"EL53",2017,0.36,0.291
"EL53",2018,0.37,0.27
"EL53",2019,0.375,0.245
"EL54",2009,0.454,0.112
"EL54",2010,0.448,0.126
"EL54",2011,0.407,0.165
"EL54",2012,0.378,0.225
"EL54",2013,0.35,0.274
"EL54",2014,0.351,0.268
"EL54",2015,0.356,0.245
"EL54",2016,0.363,0.243
"EL54",2017,0.358,0.248
"EL54",2018,0.375,0.201
"EL54",2019,0.39,0.164
"EL61",2009,0.48,0.092
"EL61",2010,0.465,0.121
"EL61",2011,0.425,0.168
"EL61",2012,0.394,0.226
"EL61",2013,0.376,0.254
"EL61",2014,0.374,0.254
"EL61",2015,0.369,0.269
"EL61",2016,0.374,0.255
"EL61",2017,0.404,0.206
"EL61",2018,0.409,0.183
"EL61",2019,0.411,0.185
"EL62",2009,0.504,0.095
"EL62",2010,0.473,0.146
"EL62",2011,0.467,0.141
"EL62",2012,0.46,0.147
"EL62",2013,0.43,0.181
"EL62",2014,0.408,0.214
"EL62",2015,0.419,0.19
"EL62",2016,0.438,0.16
"EL62",2017,0.425,0.196
"EL62",2018,0.457,0.159
"EL62",2019,0.452,0.123
"EL63",2009,0.451,0.097
"EL63",2010,0.447,0.119
"EL63",2011,0.41,0.176
"EL63",2012,0.367,0.256
"EL63",2013,0.353,0.284
"EL63",2014,0.35,0.287
"EL63",2015,0.362,0.285
"EL63",2016,0.359,0.298
"EL63",2017,0.379,0.263
"EL63",2018,0.383,0.241
"EL63",2019,0.378,0.241
"EL64",2009,0.452,0.105
"EL64",2010,0.45,0.125
"EL64",2011,0.417,0.19
"EL64",2012,0.359,0.279
"EL64",2013,0.36,0.282
"EL64",2014,0.365,0.268
"EL64",2015,0.381,0.258
"EL64",2016,0.376,0.25
"EL64",2017,0.397,0.208
"EL64",2018,0.405,0.189
"EL64",2019,0.412,0.172
"EL65",2009,0.506,0.079
"EL65",2010,0.487,0.096
"EL65",2011,0.454,0.138
"EL65",2012,0.417,0.192
"EL65",2013,0.405,0.219
"EL65",2014,0.4,0.234
"EL65",2015,0.41,0.223
"EL65",2016,0.418,0.192
"EL65",2017,0.438,0.168
"EL65",2018,0.446,0.144
"EL65",2019,0.454,0.12
"ES11",2009,0.476,0.124
"ES11",2010,0.455,0.153
"ES11",2011,0.449,0.173
"ES11",2012,0.434,0.205
"ES11",2013,0.419,0.22
"ES11",2014,0.417,0.217
"ES11",2015,0.427,0.193
"ES11",2016,0.439,0.172
"ES11",2017,0.446,0.157
"ES11",2018,0.457,0.133
"ES11",2019,0.464,0.118
"ES12",2009,0.446,0.134
"ES12",2010,0.433,0.159
"ES12",2011,0.423,0.178
"ES12",2012,0.405,0.218
"ES12",2013,0.395,0.241
"ES12",2014,0.406,0.211
"ES12",2015,0.407,0.191
"ES12",2016,0.422,0.176
"ES12",2017,0.435,0.137
"ES12",2018,0.435,0.136
"ES12",2019,0.431,0.142
"ES13",2009,0.496,0.12
"ES13",2010,0.479,0.137
"ES13",2011,0.475,0.153
"ES13",2012,0.463,0.178
"ES13",2013,0.442,0.204
"ES13",2014,0.449,0.194
"ES13",2015,0.457,0.176
"ES13",2016,0.473,0.149
"ES13",2017,0.478,0.136
"ES13",2018,0.484,0.107
"ES13",2019,0.488,0.103
"ES21",2009,0.509,0.113
"ES21",2010,0.515,0.107
"ES21",2011,0.513,0.124
"ES21",2012,0.486,0.156
"ES21",2013,0.475,0.166
"ES21",2014,0.472,0.163
"ES21",2015,0.479,0.148
"ES21",2016,0.492,0.126
"ES21",2017,0.492,0.113
"ES21",2018,0.501,0.1
"ES21",2019,0.504,0.092
"ES22",2009,0.539,0.108
"ES22",2010,0.53,0.119
"ES22",2011,0.525,0.13
"ES22",2012,0.502,0.162
"ES22",2013,0.487,0.179
"ES22",2014,0.498,0.157
"ES22",2015,0.501,0.138
"ES22",2016,0.506,0.125
"ES22",2017,0.524,0.102
"ES22",2018,0.525,0.1
"ES22",2019,0.532,0.082
"ES23",2009,0.522,0.126
"ES23",2010,0.508,0.141
"ES23",2011,0.497,0.172
"ES23",2012,0.471,0.206
"ES23",2013,0.469,0.2
"ES23",2014,0.489,0.182
"ES23",2015,0.498,0.154
"ES23",2016,0.506,0.135
"ES23",2017,0.513,0.12
"ES23",2018,0.523,0.104
"ES23",2019,0.528,0.1
"ES24",2009,0.513,0.131
"ES24",2010,0.494,0.15
"ES24",2011,0.485,0.171
"ES24",2012,0.484,0.187
"ES24",2013,0.46,0.214
"ES24",2014,0.465,0.202
"ES24",2015,0.485,0.163
"ES24",2016,0.5,0.147
"ES24",2017,0.511,0.116
"ES24",2018,0.518,0.106
"ES24",2019,0.526,0.1
"ES30",2009,0.56,0.139
"ES30",2010,0.55,0.158
"ES30",2011,0.54,0.163
"ES30",2012,0.527,0.185
"ES30",2013,0.512,0.198
"ES30",2014,0.513,0.187
"ES30",2015,0.53,0.171
"ES30",2016,0.529,0.157
"ES30",2017,0.538,0.133
"ES30",2018,0.545,0.122
"ES30",2019,0.555,0.106
"ES41",2009,0.465,0.14
"ES41",2010,0.46,0.158
"ES41",2011,0.455,0.169
"ES41",2012,0.441,0.198
"ES41",2013,0.426,0.217
"ES41",2014,0.432,0.208
"ES41",2015,0.443,0.183
"ES41",2016,0.459,0.158
"ES41",2017,0.466,0.141
"ES41",2018,0.475,0.121
"ES41",2019,0.48,0.116
"ES42",2009,0.466,0.189
"ES42",2010,0.453,0.212
"ES42",2011,0.45,0.231
"ES42",2012,0.418,0.286
"ES42",2013,0.412,0.3
"ES42",2014,0.415,0.29
"ES42",2015,0.426,0.263
"ES42",2016,0.441,0.235
"ES42",2017,0.46,0.208
"ES42",2018,0.474,0.182
"ES42",2019,0.483,0.162
"ES43",2009,0.42,0.206
"ES43",2010,0.413,0.23
"ES43",2011,0.402,0.251
"ES43",2012,0.364,0.331
"ES43",2013,0.366,0.339
"ES43",2014,0.383,0.298
"ES43",2015,0.387,0.291
"ES43",2016,0.394,0.275
"ES43",2017,0.399,0.262
"ES43",2018,0.417,0.236
"ES43",2019,0.431,0.215
"ES51",2009,0.526,0.162
"ES51",2010,0.52,0.177
"ES51",2011,0.512,0.192
"ES51",2012,0.486,0.225
"ES51",2013,0.48,0.231
"ES51",2014,0.493,0.203
"ES51",2015,0.501,0.186
"ES51",2016,0.517,0.157
"ES51",2017,0.528,0.134
"ES51",2018,0.535,0.115
"ES51",2019,0.541,0.11
"ES52",2009,0.477,0.208
"ES52",2010,0.459,0.229
"ES52",2011,0.449,0.24
"ES52",2012,0.429,0.272
"ES52",2013,0.425,0.28
"ES52",2014,0.433,0.258
"ES52",2015,0.451,0.228
"ES52",2016,0.466,0.206
"ES52",2017,0.478,0.182
"ES52",2018,0.488,0.156
"ES52",2019,0.494,0.141
"ES53",2009,0.535,0.179
"ES53",2010,0.524,0.201
"ES53",2011,0.507,0.219
"ES53",2012,0.509,0.232
"ES53",2013,0.509,0.223
"ES53",2014,0.512,0.2
"ES53",2015,0.536,0.173
"ES53",2016,0.554,0.139
"ES53",2017,0.556,0.124
"ES53",2018,0.563,0.115
"ES53",2019,0.561,0.117
"ES61",2009,0.429,0.252
"ES61",2010,0.418,0.278
"ES61",2011,0.405,0.301
"ES61",2012,0.383,0.344
"ES61",2013,0.37,0.362
"ES61",2014,0.379,0.348
"ES61",2015,0.397,0.315
"ES61",2016,0.406,0.289
"ES61",2017,0.421,0.255
"ES61",2018,0.432,0.23
"ES61",2019,0.441,0.212
"ES62",2009,0.482,0.203
"ES62",2010,0.473,0.229
"ES62",2011,0.456,0.25
"ES62",2012,0.441,0.276
"ES62",2013,0.43,0.29
"ES62",2014,0.443,0.266
"ES62",2015,0.442,0.246
"ES62",2016,0.467,0.198
"ES62",2017,0.481,0.18
"ES62",2018,0.487,0.168
"ES62",2019,0.498,0.147
"FI19",2009,0.538,0.09
"FI19",2010,0.532,0.09
"FI19",2011,0.535,0.083
"FI19",2012,0.536,0.082
"FI19",2013,0.524,0.085
"FI19",2014,0.527,0.087
"FI19",2015,0.52,0.098
"FI19",2016,0.517,0.094
"FI19",2017,0.52,0.093
"FI19",2018,0.539,0.074
"FI19",2019,0.544,0.064
"FI1B",2009,0.632,0.062
"FI1B",2010,0.624,0.064
"FI1B",2011,0.624,0.058
"FI1B",2012,0.62,0.063
"FI1B",2013,0.615,0.067
"FI1B",2014,0.605,0.073
"FI1B",2015,0.6,0.08
"FI1B",2016,0.601,0.074
"FI1B",2017,0.601,0.077
"FI1B",2018,0.611,0.069
"FI1B",2019,0.614,0.064
"FI1C",2009,0.537,0.081
"FI1C",2010,0.526,0.091
"FI1C",2011,0.53,0.085
"FI1C",2012,0.53,0.075
"FI1C",2013,0.513,0.084
"FI1C",2014,0.505,0.094
"FI1C",2015,0.502,0.1
"FI1C",2016,0.504,0.091
"FI1C",2017,0.51,0.085
"FI1C",2018,0.522,0.074
"FI1C",2019,0.524,0.063
"FI1D",2009,0.5,0.105
"FI1D",2010,0.501,0.101
"FI1D",2011,0.506,0.094
"FI1D",2012,0.505,0.095
"FI1D",2013,0.504,0.099
"FI1D",2014,0.499,0.1
"FI1D",2015,0.496,0.104
"FI1D",2016,0.497,0.102
"FI1D",2017,0.502,0.096
"FI1D",2018,0.513,0.081
"FI1D",2019,0.517,0.078
"FI20",2009,0.555,NA
"FI20",2010,0.548,NA
"FI20",2011,0.544,NA
"FI20",2012,0.563,NA
"FI20",2013,0.531,NA
"FI20",2014,0.571,NA
"FI20",2015,0.564,NA
"FI20",2016,0.58,NA
"FI20",2017,0.559,NA
"FI20",2018,0.537,NA
"FI20",2019,0.526,NA
"FR10",2009,0.569,0.081
"FR10",2010,0.558,0.085
"FR10",2011,0.559,0.082
"FR10",2012,0.564,0.081
"FR10",2013,0.562,0.09
"FR10",2014,0.556,0.097
"FR10",2015,0.554,0.096
"FR10",2016,0.556,0.092
"FR10",2017,0.561,0.087
"FR10",2018,0.564,0.087
"FR10",2019,0.567,0.079
"FRB0",2009,0.522,0.067
"FRB0",2010,0.526,0.07
"FRB0",2011,0.506,0.083
"FRB0",2012,0.499,0.108
"FRB0",2013,0.491,0.106
"FRB0",2014,0.488,0.095
"FRB0",2015,0.479,0.107
"FRB0",2016,0.482,0.099
"FRB0",2017,0.494,0.085
"FRB0",2018,0.495,0.083
"FRB0",2019,0.496,0.082
"FRC1",2009,0.507,0.079
"FRC1",2010,0.495,0.089
"FRC1",2011,0.497,0.088
"FRC1",2012,0.492,0.088
"FRC1",2013,0.481,0.106
"FRC1",2014,0.477,0.107
"FRC1",2015,0.485,0.088
"FRC1",2016,0.476,0.096
"FRC1",2017,0.476,0.107
"FRC1",2018,0.494,0.089
"FRC1",2019,0.495,0.075
"FRC2",2009,0.51,0.089
"FRC2",2010,0.513,0.082
"FRC2",2011,0.508,0.079
"FRC2",2012,0.521,0.09
"FRC2",2013,0.502,0.095
"FRC2",2014,0.491,0.099
"FRC2",2015,0.507,0.093
"FRC2",2016,0.534,0.081
"FRC2",2017,0.529,0.069
"FRC2",2018,0.521,0.072
"FRC2",2019,0.492,0.082
"FRD1",2009,0.525,0.069
"FRD1",2010,0.487,0.082
"FRD1",2011,0.479,0.092
"FRD1",2012,0.502,0.088
"FRD1",2013,0.491,0.091
"FRD1",2014,0.499,0.082
"FRD1",2015,0.5,0.082
"FRD1",2016,0.489,0.086
"FRD1",2017,0.477,0.081
"FRD1",2018,0.502,0.08
"FRD1",2019,0.482,0.082
"FRD2",2009,0.507,0.1
"FRD2",2010,0.497,0.097
"FRD2",2011,0.515,0.089
"FRD2",2012,0.5,0.109
"FRD2",2013,0.49,0.116
"FRD2",2014,0.488,0.119
"FRD2",2015,0.498,0.106
"FRD2",2016,0.489,0.115
"FRD2",2017,0.485,0.113
"FRD2",2018,0.486,0.093
"FRD2",2019,0.486,0.099
"FRE1",2009,0.466,0.131
"FRE1",2010,0.474,0.125
"FRE1",2011,0.476,0.123
"FRE1",2012,0.477,0.131
"FRE1",2013,0.469,0.147
"FRE1",2014,0.467,0.138
"FRE1",2015,0.461,0.138
"FRE1",2016,0.462,0.133
"FRE1",2017,0.462,0.129
"FRE1",2018,0.458,0.122
"FRE1",2019,0.46,0.112
"FRE2",2009,0.511,0.103
"FRE2",2010,0.501,0.114
"FRE2",2011,0.523,0.09
"FRE2",2012,0.501,0.106
"FRE2",2013,0.481,0.115
"FRE2",2014,0.487,0.116
"FRE2",2015,0.495,0.108
"FRE2",2016,0.485,0.115
"FRE2",2017,0.506,0.1
"FRE2",2018,0.494,0.092
"FRE2",2019,0.488,0.09
"FRF1",2009,0.544,0.082
"FRF1",2010,0.549,0.081
"FRF1",2011,0.56,0.074
"FRF1",2012,0.538,0.085
"FRF1",2013,0.539,0.097
"FRF1",2014,0.529,0.101
"FRF1",2015,0.536,0.091
"FRF1",2016,0.52,0.109
"FRF1",2017,0.513,0.09
"FRF1",2018,0.546,0.08
"FRF1",2019,0.552,0.073
"FRF2",2009,0.515,0.092
"FRF2",2010,0.511,0.092
"FRF2",2011,0.486,0.103
"FRF2",2012,0.486,0.107
"FRF2",2013,0.473,0.105
"FRF2",2014,0.479,0.114
"FRF2",2015,0.468,0.13
"FRF2",2016,0.467,0.113
"FRF2",2017,0.483,0.096
"FRF2",2018,0.47,0.088
"FRF2",2019,0.469,0.091
"FRF3",2009,0.497,0.112
"FRF3",2010,0.515,0.094
"FRF3",2011,0.504,0.101
"FRF3",2012,0.49,0.117
"FRF3",2013,0.48,0.121
"FRF3",2014,0.487,0.118
"FRF3",2015,0.48,0.122
"FRF3",2016,0.478,0.117
"FRF3",2017,0.489,0.11
"FRF3",2018,0.487,0.098
"FRF3",2019,0.494,0.081
"FRG0",2009,0.53,0.076
"FRG0",2010,0.534,0.085
"FRG0",2011,0.522,0.085
"FRG0",2012,0.533,0.084
"FRG0",2013,0.525,0.088
"FRG0",2014,0.527,0.086
"FRG0",2015,0.527,0.091
"FRG0",2016,0.525,0.089
"FRG0",2017,0.527,0.071
"FRG0",2018,0.513,0.078
"FRG0",2019,0.513,0.076
"FRH0",2009,0.522,0.056
"FRH0",2010,0.508,0.068
"FRH0",2011,0.506,0.071
"FRH0",2012,0.508,0.08
"FRH0",2013,0.517,0.08
"FRH0",2014,0.514,0.074
"FRH0",2015,0.515,0.078
"FRH0",2016,0.504,0.086
"FRH0",2017,0.501,0.073
"FRH0",2018,0.503,0.068
"FRH0",2019,0.502,0.069
"FRI1",2009,0.503,0.083
"FRI1",2010,0.507,0.081
"FRI1",2011,0.493,0.09
"FRI1",2012,0.492,0.094
"FRI1",2013,0.498,0.089
"FRI1",2014,0.494,0.091
"FRI1",2015,0.501,0.097
"FRI1",2016,0.493,0.1
"FRI1",2017,0.49,0.101
"FRI1",2018,0.496,0.093
"FRI1",2019,0.499,0.091
"FRI2",2009,0.512,0.062
"FRI2",2010,0.489,0.07
"FRI2",2011,0.489,0.075
"FRI2",2012,0.475,0.067
"FRI2",2013,0.48,0.069
"FRI2",2014,0.48,0.093
"FRI2",2015,0.497,0.089
"FRI2",2016,0.521,0.071
"FRI2",2017,0.503,0.063
"FRI2",2018,0.478,0.07
"FRI2",2019,0.463,0.07
"FRI3",2009,0.499,0.084
"FRI3",2010,0.497,0.077
"FRI3",2011,0.495,0.081
"FRI3",2012,0.499,0.083
"FRI3",2013,0.494,0.099
"FRI3",2014,0.477,0.109
"FRI3",2015,0.48,0.098
"FRI3",2016,0.475,0.09
"FRI3",2017,0.473,0.091
"FRI3",2018,0.479,0.087
"FRI3",2019,0.489,0.081
"FRJ1",2009,0.435,0.133
"FRJ1",2010,0.434,0.137
"FRJ1",2011,0.445,0.119
"FRJ1",2012,0.423,0.15
"FRJ1",2013,0.433,0.129
"FRJ1",2014,0.444,0.123
"FRJ1",2015,0.438,0.13
"FRJ1",2016,0.441,0.119
"FRJ1",2017,0.444,0.123
"FRJ1",2018,0.441,0.117
"FRJ1",2019,0.441,0.103
"FRJ2",2009,0.518,0.087
"FRJ2",2010,0.532,0.078
"FRJ2",2011,0.523,0.081
"FRJ2",2012,0.515,0.083
"FRJ2",2013,0.521,0.086
"FRJ2",2014,0.509,0.091
"FRJ2",2015,0.503,0.086
"FRJ2",2016,0.506,0.085
"FRJ2",2017,0.507,0.072
"FRJ2",2018,0.516,0.077
"FRJ2",2019,0.514,0.067
"FRK1",2009,0.509,0.074
"FRK1",2010,0.513,0.07
"FRK1",2011,0.504,0.084
"FRK1",2012,0.496,0.1
"FRK1",2013,0.5,0.089
"FRK1",2014,0.485,0.073
"FRK1",2015,0.481,0.086
"FRK1",2016,0.509,0.072
"FRK1",2017,0.484,0.084
"FRK1",2018,0.503,0.077
"FRK1",2019,0.499,0.056
"FRK2",2009,0.526,0.084
"FRK2",2010,0.534,0.081
"FRK2",2011,0.531,0.077
"FRK2",2012,0.536,0.08
"FRK2",2013,0.533,0.084
"FRK2",2014,0.528,0.088
"FRK2",2015,0.529,0.091
"FRK2",2016,0.536,0.081
"FRK2",2017,0.541,0.072
"FRK2",2018,0.543,0.073
"FRK2",2019,0.543,0.07
"FRL0",2009,0.48,0.092
"FRL0",2010,0.481,0.097
"FRL0",2011,0.482,0.097
"FRL0",2012,0.48,0.096
"FRL0",2013,0.475,0.109
"FRL0",2014,0.484,0.1
"FRL0",2015,0.468,0.11
"FRL0",2016,0.473,0.105
"FRL0",2017,0.47,0.103
"FRL0",2018,0.475,0.093
"FRL0",2019,0.472,0.088
"FRM0",2009,0.402,NA
"FRM0",2010,0.416,0.06
"FRM0",2011,0.427,NA
"FRM0",2012,0.435,0.079
"FRM0",2013,0.416,0.123
"FRM0",2014,0.405,0.098
"FRM0",2015,0.357,0.119
"FRM0",2016,0.337,0.083
"FRM0",2017,0.427,0.098
"FRM0",2018,0.419,0.05
"FRM0",2019,0.454,0.063
"HR02",2009,NA,NA
"HR02",2010,NA,NA
"HR02",2011,NA,NA
"HR02",2012,NA,NA
"HR02",2013,NA,NA
"HR02",2014,NA,NA
"HR02",2015,NA,NA
"HR02",2016,0.401,0.172
"HR02",2017,0.399,0.161
"HR02",2018,0.421,0.121
"HR02",2019,0.427,0.096
"HR03",2009,0.459,0.096
"HR03",2010,0.448,0.111
"HR03",2011,0.426,0.133
"HR03",2012,0.418,0.148
"HR03",2013,0.406,0.15
"HR03",2014,0.426,0.172
"HR03",2015,0.428,0.168
"HR03",2016,0.426,0.142
"HR03",2017,0.448,0.109
"HR03",2018,0.441,0.094
"HR03",2019,0.452,0.064
"HR04",2009,0.494,0.09
"HR04",2010,0.473,0.119
"HR04",2011,0.458,0.139
"HR04",2012,0.439,0.165
"HR04",2013,0.428,0.183
"HR04",2014,0.437,0.173
"HR04",2015,0.449,0.159
"HR04",2016,0.463333333333333,0.122
"HR04",2017,0.471666666666667,0.110666666666667
"HR04",2018,0.490666666666667,0.0773333333333333
"HR04",2019,0.498,0.066
"HR05",2009,NA,NA
"HR05",2010,NA,NA
"HR05",2011,NA,NA
"HR05",2012,NA,NA
"HR05",2013,NA,NA
"HR05",2014,NA,NA
"HR05",2015,NA,NA
"HR05",2016,0.493,0.096
"HR05",2017,0.518,0.08
"HR05",2018,0.542,0.053
"HR05",2019,0.545,0.054
"HR06",2009,NA,NA
"HR06",2010,NA,NA
"HR06",2011,NA,NA
"HR06",2012,NA,NA
"HR06",2013,NA,NA
"HR06",2014,NA,NA
"HR06",2015,NA,NA
"HR06",2016,0.496,0.098
"HR06",2017,0.498,0.091
"HR06",2018,0.509,0.058
"HR06",2019,0.522,0.048
"HU10",2009,0.498,0.065
"HU10",2010,0.487,0.089
"HU10",2011,0.49,0.09
"HU10",2012,0.501,0.095
"HU10",2013,0.505,0.088
"HU10",2014,0.5275,0.0625
"HU10",2015,0.538,0.054
"HU10",2016,0.562,0.037
"HU10",2017,0.568,0.0275
"HU10",2018,0.57,0.0265
"HU10",2019,0.579,0.0245
"HU11",2009,NA,NA
"HU11",2010,NA,NA
"HU11",2011,NA,NA
"HU11",2012,NA,NA
"HU11",2013,0.51,0.085
"HU11",2014,0.532,0.06
"HU11",2015,0.545,0.051
"HU11",2016,0.571,0.043
"HU11",2017,0.577,0.029
"HU11",2018,0.57,0.031
"HU11",2019,0.578,0.025
"HU12",2009,NA,NA
"HU12",2010,NA,NA
"HU12",2011,NA,NA
"HU12",2012,NA,NA
"HU12",2013,0.5,0.091
"HU12",2014,0.523,0.065
"HU12",2015,0.531,0.057
"HU12",2016,0.553,0.031
"HU12",2017,0.559,0.026
"HU12",2018,0.57,0.022
"HU12",2019,0.58,0.024
"HU21",2009,0.47,0.092
"HU21",2010,0.468,0.1
"HU21",2011,0.484,0.095
"HU21",2012,0.484,0.099
"HU21",2013,0.491,0.087
"HU21",2014,0.518,0.056
"HU21",2015,0.544,0.044
"HU21",2016,0.545,0.03
"HU21",2017,0.56,0.022
"HU21",2018,0.561,0.022
"HU21",2019,0.565,0.02
"HU22",2009,0.482,0.087
"HU22",2010,0.476,0.093
"HU22",2011,0.488,0.073
"HU22",2012,0.496,0.075
"HU22",2013,0.499,0.077
"HU22",2014,0.529,0.046
"HU22",2015,0.538,0.038
"HU22",2016,0.547,0.027
"HU22",2017,0.563,0.024
"HU22",2018,0.576,0.02
"HU22",2019,0.581,0.018
"HU23",2009,0.419,0.112
"HU23",2010,0.425,0.124
"HU23",2011,0.413,0.129
"HU23",2012,0.417,0.121
"HU23",2013,0.438,0.093
"HU23",2014,0.465,0.078
"HU23",2015,0.474,0.081
"HU23",2016,0.488,0.062
"HU23",2017,0.49,0.063
"HU23",2018,0.501,0.056
"HU23",2019,0.504,0.048
"HU31",2009,0.391,0.153
"HU31",2010,0.39,0.162
"HU31",2011,0.39,0.164
"HU31",2012,0.396,0.161
"HU31",2013,0.414,0.126
"HU31",2014,0.444,0.104
"HU31",2015,0.468,0.087
"HU31",2016,0.486,0.063
"HU31",2017,0.5,0.058
"HU31",2018,0.515,0.047
"HU31",2019,0.515,0.045
"HU32",2009,0.398,0.141
"HU32",2010,0.405,0.144
"HU32",2011,0.413,0.146
"HU32",2012,0.427,0.139
"HU32",2013,0.438,0.142
"HU32",2014,0.47,0.118
"HU32",2015,0.481,0.109
"HU32",2016,0.502,0.093
"HU32",2017,0.519,0.074
"HU32",2018,0.529,0.066
"HU32",2019,0.533,0.063
"HU33",2009,0.427,0.106
"HU33",2010,0.436,0.104
"HU33",2011,0.434,0.105
"HU33",2012,0.444,0.103
"HU33",2013,0.45,0.11
"HU33",2014,0.473,0.09
"HU33",2015,0.49,0.079
"HU33",2016,0.516,0.056
"HU33",2017,0.526,0.041
"HU33",2018,0.535,0.033
"HU33",2019,0.538,0.035
"IE01",2009,0.534,0.134
"IE01",2010,0.508,0.146
"IE01",2011,0.497,0.161
"IE01",2012,NA,NA
"IE01",2013,NA,NA
"IE01",2014,NA,NA
"IE01",2015,NA,NA
"IE01",2016,NA,NA
"IE01",2017,NA,NA
"IE01",2018,NA,NA
"IE01",2019,NA,NA
"IE02",2009,0.57,0.123
"IE02",2010,0.545,0.145
"IE02",2011,0.535,0.151
"IE02",2012,NA,NA
"IE02",2013,NA,NA
"IE02",2014,NA,NA
"IE02",2015,NA,NA
"IE02",2016,NA,NA
"IE02",2017,NA,NA
"IE02",2018,NA,NA
"IE02",2019,NA,NA
"IE04",2009,NA,NA
"IE04",2010,NA,NA
"IE04",2011,NA,NA
"IE04",2012,0.499,0.157
"IE04",2013,0.525,0.131
"IE04",2014,0.532,0.115
"IE04",2015,0.545,0.1
"IE04",2016,0.555,0.085
"IE04",2017,0.565,0.062
"IE04",2018,0.566,0.056
"IE04",2019,0.576,0.047
"IE05",2009,NA,NA
"IE05",2010,NA,NA
"IE05",2011,NA,NA
"IE05",2012,0.515,0.166
"IE05",2013,0.528,0.143
"IE05",2014,0.531,0.126
"IE05",2015,0.546,0.106
"IE05",2016,0.562,0.086
"IE05",2017,0.567,0.07
"IE05",2018,0.566,0.061
"IE05",2019,0.567,0.055
"IE06",2009,NA,NA
"IE06",2010,NA,NA
"IE06",2011,NA,NA
"IE06",2012,0.534,0.146
"IE06",2013,0.543,0.136
"IE06",2014,0.558,0.115
"IE06",2015,0.569,0.094
"IE06",2016,0.58,0.082
"IE06",2017,0.591,0.067
"IE06",2018,0.607,0.056
"IE06",2019,0.616,0.047
"ITC1",2009,0.483,0.068
"ITC1",2010,0.478,0.075
"ITC1",2011,0.482,0.076
"ITC1",2012,0.476,0.092
"ITC1",2013,0.463,0.105
"ITC1",2014,0.464,0.113
"ITC1",2015,0.471,0.102
"ITC1",2016,0.476,0.093
"ITC1",2017,0.479,0.091
"ITC1",2018,0.483,0.082
"ITC1",2019,0.484,0.076
"ITC2",2009,0.517,0.045
"ITC2",2010,0.521,0.045
"ITC2",2011,0.517,0.053
"ITC2",2012,0.51,0.071
"ITC2",2013,0.501,0.083
"ITC2",2014,0.503,0.089
"ITC2",2015,0.501,0.089
"ITC2",2016,0.5,0.087
"ITC2",2017,0.504,0.078
"ITC2",2018,0.507,0.07
"ITC2",2019,0.512,0.065
"ITC3",2009,0.452,0.058
"ITC3",2010,0.446,0.066
"ITC3",2011,0.45,0.064
"ITC3",2012,0.444,0.081
"ITC3",2013,0.432,0.098
"ITC3",2014,0.429,0.108
"ITC3",2015,0.441,0.092
"ITC3",2016,0.442,0.097
"ITC3",2017,0.439,0.095
"ITC3",2018,0.445,0.097
"ITC3",2019,0.448,0.095
"ITC4",2009,0.514,0.053
"ITC4",2010,0.507,0.055
"ITC4",2011,0.502,0.057
"ITC4",2012,0.499,0.074
"ITC4",2013,0.5,0.08
"ITC4",2014,0.499,0.082
"ITC4",2015,0.499,0.079
"ITC4",2016,0.506,0.074
"ITC4",2017,0.513,0.064
"ITC4",2018,0.514,0.06
"ITC4",2019,0.519,0.056
"ITF1",2009,0.427,0.08
"ITF1",2010,0.423,0.087
"ITF1",2011,0.433,0.086
"ITF1",2012,0.433,0.108
"ITF1",2013,0.42,0.113
"ITF1",2014,0.412,0.126
"ITF1",2015,0.414,0.126
"ITF1",2016,0.421,0.121
"ITF1",2017,0.427,0.117
"ITF1",2018,0.435,0.107
"ITF1",2019,0.436,0.111
"ITF2",2009,0.396,0.09
"ITF2",2010,0.387,0.084
"ITF2",2011,0.382,0.099
"ITF2",2012,0.384,0.12
"ITF2",2013,0.359,0.156
"ITF2",2014,0.366,0.152
"ITF2",2015,0.371,0.143
"ITF2",2016,0.387,0.128
"ITF2",2017,0.386,0.146
"ITF2",2018,0.397,0.127
"ITF2",2019,0.408,0.12
"ITF3",2009,0.334,0.129
"ITF3",2010,0.326,0.139
"ITF3",2011,0.322,0.154
"ITF3",2012,0.325,0.192
"ITF3",2013,0.322,0.215
"ITF3",2014,0.316,0.217
"ITF3",2015,0.319,0.198
"ITF3",2016,0.331,0.204
"ITF3",2017,0.338,0.209
"ITF3",2018,0.336,0.203
"ITF3",2019,0.333,0.2
"ITF4",2009,0.358,0.126
"ITF4",2010,0.352,0.135
"ITF4",2011,0.355,0.132
"ITF4",2012,0.354,0.157
"ITF4",2013,0.331,0.197
"ITF4",2014,0.327,0.215
"ITF4",2015,0.334,0.197
"ITF4",2016,0.341,0.194
"ITF4",2017,0.342,0.188
"ITF4",2018,0.349,0.16
"ITF4",2019,0.354,0.148
"ITF5",2009,0.375,0.112
"ITF5",2010,0.364,0.129
"ITF5",2011,0.369,0.119
"ITF5",2012,0.364,0.145
"ITF5",2013,0.356,0.152
"ITF5",2014,0.364,0.147
"ITF5",2015,0.377,0.137
"ITF5",2016,0.385,0.133
"ITF5",2017,0.378,0.128
"ITF5",2018,0.377,0.124
"ITF5",2019,0.385,0.108
"ITF6",2009,0.341,0.113
"ITF6",2010,0.334,0.119
"ITF6",2011,0.335,0.127
"ITF6",2012,0.328,0.194
"ITF6",2013,0.306,0.223
"ITF6",2014,0.308,0.234
"ITF6",2015,0.303,0.229
"ITF6",2016,0.309,0.232
"ITF6",2017,0.317,0.216
"ITF6",2018,0.326,0.215
"ITF6",2019,0.327,0.209
"ITG1",2009,0.345,0.138
"ITG1",2010,0.339,0.146
"ITG1",2011,0.336,0.143
"ITG1",2012,0.327,0.184
"ITG1",2013,0.309,0.21
"ITG1",2014,0.305,0.222
"ITG1",2015,0.312,0.214
"ITG1",2016,0.312,0.221
"ITG1",2017,0.317,0.215
"ITG1",2018,0.318,0.213
"ITG1",2019,0.32,0.199
"ITG2",2009,0.405,0.132
"ITG2",2010,0.405,0.14
"ITG2",2011,0.408,0.135
"ITG2",2012,0.405,0.154
"ITG2",2013,0.376,0.175
"ITG2",2014,0.377,0.186
"ITG2",2015,0.388,0.174
"ITG2",2016,0.386,0.173
"ITG2",2017,0.387,0.17
"ITG2",2018,0.4,0.153
"ITG2",2019,0.408,0.147
"ITH1",2009,0.576,0.029
"ITH1",2010,0.577,0.027
"ITH1",2011,0.573,0.033
"ITH1",2012,0.579,0.041
"ITH1",2013,0.574,0.044
"ITH1",2014,0.57,0.044
"ITH1",2015,0.569,0.038
"ITH1",2016,0.578,0.037
"ITH1",2017,0.581,0.031
"ITH1",2018,0.584,0.029
"ITH1",2019,0.587,0.029
"ITH2",2009,0.525,0.035
"ITH2",2010,0.52,0.042
"ITH2",2011,0.519,0.044
"ITH2",2012,0.514,0.061
"ITH2",2013,0.514,0.065
"ITH2",2014,0.517,0.069
"ITH2",2015,0.516,0.068
"ITH2",2016,0.511,0.068
"ITH2",2017,0.521,0.057
"ITH2",2018,0.523,0.048
"ITH2",2019,0.523,0.05
"ITH3",2009,0.506,0.047
"ITH3",2010,0.504,0.057
"ITH3",2011,0.507,0.049
"ITH3",2012,0.505,0.064
"ITH3",2013,0.489,0.076
"ITH3",2014,0.492,0.075
"ITH3",2015,0.488,0.071
"ITH3",2016,0.496,0.068
"ITH3",2017,0.506,0.063
"ITH3",2018,0.508,0.064
"ITH3",2019,0.514,0.056
"ITH4",2009,0.477,0.052
"ITH4",2010,0.475,0.057
"ITH4",2011,0.477,0.052
"ITH4",2012,0.473,0.067
"ITH4",2013,0.467,0.077
"ITH4",2014,0.465,0.08
"ITH4",2015,0.467,0.08
"ITH4",2016,0.471,0.075
"ITH4",2017,0.478,0.067
"ITH4",2018,0.482,0.066
"ITH4",2019,0.483,0.061
"ITH5",2009,0.519,0.047
"ITH5",2010,0.509,0.056
"ITH5",2011,0.514,0.052
"ITH5",2012,0.51,0.07
"ITH5",2013,0.501,0.084
"ITH5",2014,0.501,0.083
"ITH5",2015,0.502,0.077
"ITH5",2016,0.515,0.069
"ITH5",2017,0.516,0.065
"ITH5",2018,0.522,0.058
"ITH5",2019,0.528,0.055
"ITI1",2009,0.484,0.058
"ITI1",2010,0.477,0.06
"ITI1",2011,0.476,0.063
"ITI1",2012,0.475,0.078
"ITI1",2013,0.473,0.087
"ITI1",2014,0.472,0.101
"ITI1",2015,0.479,0.092
"ITI1",2016,0.482,0.095
"ITI1",2017,0.487,0.086
"ITI1",2018,0.49,0.073
"ITI1",2019,0.493,0.067
"ITI2",2009,0.469,0.066
"ITI2",2010,0.465,0.066
"ITI2",2011,0.465,0.064
"ITI2",2012,0.458,0.095
"ITI2",2013,0.452,0.103
"ITI2",2014,0.451,0.113
"ITI2",2015,0.465,0.104
"ITI2",2016,0.459,0.096
"ITI2",2017,0.461,0.105
"ITI2",2018,0.461,0.092
"ITI2",2019,0.473,0.084
"ITI3",2009,0.481,0.066
"ITI3",2010,0.482,0.057
"ITI3",2011,0.473,0.068
"ITI3",2012,0.475,0.091
"ITI3",2013,0.46,0.109
"ITI3",2014,0.467,0.101
"ITI3",2015,0.467,0.099
"ITI3",2016,0.465,0.106
"ITI3",2017,0.463,0.106
"ITI3",2018,0.48,0.08
"ITI3",2019,0.48,0.086
"ITI4",2009,0.467,0.084
"ITI4",2010,0.465,0.092
"ITI4",2011,0.461,0.087
"ITI4",2012,0.459,0.106
"ITI4",2013,0.451,0.12
"ITI4",2014,0.459,0.125
"ITI4",2015,0.458,0.118
"ITI4",2016,0.463,0.111
"ITI4",2017,0.47,0.107
"ITI4",2018,0.469,0.111
"ITI4",2019,0.471,0.099
"LT00",2009,0.488,0.138
"LT00",2010,0.467,0.178
"LT00",2011,0.486,0.154
"LT00",2012,0.5,0.134
"LT00",2013,0.525,0.1115
"LT00",2014,0.5375,0.1005
"LT00",2015,0.549,0.087
"LT00",2016,0.571,0.072
"LT00",2017,0.583,0.0645
"LT00",2018,0.599,0.0575
"LT00",2019,0.603,0.0575
"LT01",2009,NA,NA
"LT01",2010,NA,NA
"LT01",2011,NA,NA
"LT01",2012,NA,NA
"LT01",2013,0.555,0.097
"LT01",2014,0.562,0.085
"LT01",2015,0.574,0.076
"LT01",2016,0.605,0.056
"LT01",2017,0.629,0.048
"LT01",2018,0.649,0.046
"LT01",2019,0.652,0.044
"LT02",2009,NA,NA
"LT02",2010,NA,NA
"LT02",2011,NA,NA
"LT02",2012,NA,NA
"LT02",2013,0.495,0.126
"LT02",2014,0.513,0.116
"LT02",2015,0.524,0.098
"LT02",2016,0.537,0.088
"LT02",2017,0.537,0.081
"LT02",2018,0.549,0.069
"LT02",2019,0.554,0.071
"LU00",2009,0.552,0.051
"LU00",2010,0.552,0.044
"LU00",2011,0.548,0.049
"LU00",2012,0.557,0.051
"LU00",2013,0.559,0.058
"LU00",2014,0.566,0.059
"LU00",2015,0.56,0.067
"LU00",2016,0.552,0.063
"LU00",2017,0.56,0.055
"LU00",2018,0.565,0.056
"LU00",2019,0.573,0.056
"LV00",2009,0.496,0.175
"LV00",2010,0.474,0.195
"LV00",2011,0.49,0.162
"LV00",2012,0.507,0.15
"LV00",2013,0.524,0.119
"LV00",2014,0.528,0.108
"LV00",2015,0.541,0.099
"LV00",2016,0.546,0.096
"LV00",2017,0.555,0.087
"LV00",2018,0.569,0.074
"LV00",2019,0.574,0.063
"MD00",2009,0.5885,0.03024
"MD00",2010,0.61487,0.02972
"MD00",2011,0.62671,0.02677
"MD00",2012,0.63369,0.0219
"MD00",2013,0.64013,0.01894
"MD00",2014,0.68261,0.01451
"MD00",2015,0.68964,0.01781
"MD00",2016,0.68795,0.01591
"MD00",2017,0.67222,0.01622
"MD00",2018,0.66222,0.01239
"MD00",2019,0.6829,0.01502
"ME00",2009,NA,NA
"ME00",2010,NA,NA
"ME00",2011,0.39,0.197
"ME00",2012,0.4,0.2
"ME00",2013,0.403,0.195
"ME00",2014,0.432,0.18
"ME00",2015,0.443,0.175
"ME00",2016,0.449,0.177
"ME00",2017,0.459,0.161
"ME00",2018,0.475,0.152
"ME00",2019,0.487,0.151
"MK00",2009,0.376,0.322
"MK00",2010,0.379,0.32
"MK00",2011,0.381,0.314
"MK00",2012,0.381,0.31
"MK00",2013,0.397,0.29
"MK00",2014,0.402,0.28
"MK00",2015,0.409,0.261
"MK00",2016,0.419,0.237
"MK00",2017,0.428,0.224
"MK00",2018,0.437,0.207
"MK00",2019,0.459,0.173
"MT00",2009,0.468,0.069
"MT00",2010,0.473,0.068
"MT00",2011,0.482,0.064
"MT00",2012,0.493,0.062
"MT00",2013,0.508,0.061
"MT00",2014,0.521,0.057
"MT00",2015,0.527,0.054
"MT00",2016,0.541,0.047
"MT00",2017,0.556,0.04
"MT00",2018,0.576,0.04
"MT00",2019,0.585,0.041
"NL11",2009,0.575,0.068
"NL11",2010,0.587,0.062
"NL11",2011,0.582,0.068
"NL11",2012,0.583,0.07
"NL11",2013,0.569,0.082
"NL11",2014,0.549,0.086
"NL11",2015,0.563,0.091
"NL11",2016,0.564,0.082
"NL11",2017,0.56,0.072
"NL11",2018,0.577,0.055
"NL11",2019,0.583,0.051
"NL12",2009,0.612,0.044
"NL12",2010,0.597,0.053
"NL12",2011,0.595,0.051
"NL12",2012,0.589,0.064
"NL12",2013,0.58,0.083
"NL12",2014,0.576,0.079
"NL12",2015,0.578,0.079
"NL12",2016,0.578,0.067
"NL12",2017,0.586,0.055
"NL12",2018,0.594,0.047
"NL12",2019,0.614,0.037
"NL13",2009,0.596,0.047
"NL13",2010,0.582,0.049
"NL13",2011,0.575,0.053
"NL13",2012,0.583,0.064
"NL13",2013,0.57,0.071
"NL13",2014,0.563,0.073
"NL13",2015,0.567,0.075
"NL13",2016,0.566,0.065
"NL13",2017,0.579,0.05
"NL13",2018,0.579,0.041
"NL13",2019,0.59,0.028
"NL21",2009,0.633,0.04
"NL21",2010,0.617,0.049
"NL21",2011,0.616,0.049
"NL21",2012,0.607,0.056
"NL21",2013,0.602,0.072
"NL21",2014,0.599,0.073
"NL21",2015,0.6,0.069
"NL21",2016,0.598,0.062
"NL21",2017,0.609,0.051
"NL21",2018,0.623,0.037
"NL21",2019,0.624,0.03
"NL22",2009,0.629,0.038
"NL22",2010,0.618,0.046
"NL22",2011,0.613,0.047
"NL22",2012,0.614,0.053
"NL22",2013,0.612,0.066
"NL22",2014,0.601,0.069
"NL22",2015,0.599,0.063
"NL22",2016,0.597,0.056
"NL22",2017,0.612,0.045
"NL22",2018,0.614,0.033
"NL22",2019,0.619,0.031
"NL23",2009,0.686,0.045
"NL23",2010,0.652,0.057
"NL23",2011,0.65,0.054
"NL23",2012,0.647,0.073
"NL23",2013,0.633,0.099
"NL23",2014,0.616,0.11
"NL23",2015,0.628,0.079
"NL23",2016,0.643,0.079
"NL23",2017,0.636,0.057
"NL23",2018,0.661,0.045
"NL23",2019,0.672,0.035
"NL31",2009,0.669,0.039
"NL31",2010,0.659,0.042
"NL31",2011,0.653,0.042
"NL31",2012,0.652,0.052
"NL31",2013,0.642,0.064
"NL31",2014,0.634,0.064
"NL31",2015,0.639,0.064
"NL31",2016,0.643,0.05
"NL31",2017,0.646,0.042
"NL31",2018,0.658,0.034
"NL31",2019,0.666,0.029
"NL32",2009,0.643,0.041
"NL32",2010,0.632,0.047
"NL32",2011,0.628,0.05
"NL32",2012,0.63,0.054
"NL32",2013,0.622,0.072
"NL32",2014,0.621,0.069
"NL32",2015,0.621,0.062
"NL32",2016,0.63,0.055
"NL32",2017,0.632,0.045
"NL32",2018,0.637,0.038
"NL32",2019,0.644,0.031
"NL33",2009,0.618,0.048
"NL33",2010,0.611,0.057
"NL33",2011,0.611,0.056
"NL33",2012,0.607,0.069
"NL33",2013,0.597,0.079
"NL33",2014,0.588,0.084
"NL33",2015,0.59,0.078
"NL33",2016,0.593,0.071
"NL33",2017,0.602,0.055
"NL33",2018,0.614,0.043
"NL33",2019,0.622,0.04
"NL34",2009,0.597,0.025
"NL34",2010,0.594,0.03
"NL34",2011,0.581,0.032
"NL34",2012,0.597,0.035
"NL34",2013,0.576,0.05
"NL34",2014,0.574,0.054
"NL34",2015,0.587,0.053
"NL34",2016,0.591,0.039
"NL34",2017,0.581,0.029
"NL34",2018,0.598,0.027
"NL34",2019,0.601,0.026
"NL41",2009,0.631,0.04
"NL41",2010,0.622,0.047
"NL41",2011,0.62,0.046
"NL41",2012,0.618,0.053
"NL41",2013,0.605,0.067
"NL41",2014,0.602,0.07
"NL41",2015,0.606,0.065
"NL41",2016,0.608,0.053
"NL41",2017,0.617,0.042
"NL41",2018,0.624,0.034
"NL41",2019,0.632,0.032
"NL42",2009,0.58,0.056
"NL42",2010,0.569,0.056
"NL42",2011,0.568,0.048
"NL42",2012,0.57,0.054
"NL42",2013,0.554,0.074
"NL42",2014,0.548,0.074
"NL42",2015,0.561,0.063
"NL42",2016,0.56,0.057
"NL42",2017,0.564,0.047
"NL42",2018,0.572,0.034
"NL42",2019,0.585,0.031
"PL21",2009,0.5,0.079
"PL21",2010,0.498,0.091
"PL21",2011,0.501,0.093
"PL21",2012,0.495,0.104
"PL21",2013,0.497,0.109
"PL21",2014,0.508,0.091
"PL21",2015,0.515,0.071
"PL21",2016,0.53,0.052
"PL21",2017,0.538,0.042
"PL21",2018,0.544,0.029
"PL21",2019,0.548,0.029
"PL22",2009,0.49,0.067
"PL22",2010,0.475,0.092
"PL22",2011,0.484,0.092
"PL22",2012,0.484,0.094
"PL22",2013,0.483,0.097
"PL22",2014,0.492,0.086
"PL22",2015,0.493,0.072
"PL22",2016,0.505,0.054
"PL22",2017,0.513,0.039
"PL22",2018,0.514,0.034
"PL22",2019,0.518,0.024
"PL41",2009,0.519,0.075
"PL41",2010,0.528,0.088
"PL41",2011,0.523,0.086
"PL41",2012,0.524,0.085
"PL41",2013,0.53,0.088
"PL41",2014,0.532,0.077
"PL41",2015,0.542,0.058
"PL41",2016,0.553,0.048
"PL41",2017,0.571,0.031
"PL41",2018,0.575,0.022
"PL41",2019,0.573,0.026
"PL42",2009,0.468,0.104
"PL42",2010,0.458,0.124
"PL42",2011,0.453,0.118
"PL42",2012,0.465,0.109
"PL42",2013,0.472,0.101
"PL42",2014,0.482,0.084
"PL42",2015,0.481,0.075
"PL42",2016,0.496,0.069
"PL42",2017,0.51,0.046
"PL42",2018,0.527,0.038
"PL42",2019,0.525,0.031
"PL43",2009,0.484,0.096
"PL43",2010,0.494,0.106
"PL43",2011,0.496,0.094
"PL43",2012,0.488,0.09
"PL43",2013,0.491,0.097
"PL43",2014,0.496,0.083
"PL43",2015,0.511,0.064
"PL43",2016,0.53,0.047
"PL43",2017,0.535,0.037
"PL43",2018,0.534,0.03
"PL43",2019,0.542,0.02
"PL51",2009,0.485,0.101
"PL51",2010,0.481,0.113
"PL51",2011,0.477,0.106
"PL51",2012,0.478,0.111
"PL51",2013,0.479,0.113
"PL51",2014,0.501,0.091
"PL51",2015,0.514,0.07
"PL51",2016,0.533,0.055
"PL51",2017,0.535,0.047
"PL51",2018,0.542,0.033
"PL51",2019,0.561,0.033
"PL52",2009,0.483,0.099
"PL52",2010,0.482,0.097
"PL52",2011,0.484,0.093
"PL52",2012,0.492,0.095
"PL52",2013,0.486,0.094
"PL52",2014,0.498,0.078
"PL52",2015,0.508,0.065
"PL52",2016,0.519,0.05
"PL52",2017,0.534,0.043
"PL52",2018,0.542,0.032
"PL52",2019,0.541,0.032
"PL61",2009,0.492,0.104
"PL61",2010,0.485,0.106
"PL61",2011,0.483,0.11
"PL61",2012,0.496,0.119
"PL61",2013,0.489,0.124
"PL61",2014,0.494,0.107
"PL61",2015,0.507,0.079
"PL61",2016,0.51,0.074
"PL61",2017,0.518,0.055
"PL61",2018,0.527,0.043
"PL61",2019,0.529,0.039
"PL62",2009,0.48,0.085
"PL62",2010,0.479,0.097
"PL62",2011,0.467,0.096
"PL62",2012,0.458,0.11
"PL62",2013,0.461,0.114
"PL62",2014,0.462,0.098
"PL62",2015,0.472,0.095
"PL62",2016,0.489,0.088
"PL62",2017,0.502,0.072
"PL62",2018,0.503,0.056
"PL62",2019,0.511,0.033
"PL63",2009,0.49,0.064
"PL63",2010,0.503,0.093
"PL63",2011,0.499,0.085
"PL63",2012,0.502,0.095
"PL63",2013,0.502,0.1
"PL63",2014,0.509,0.086
"PL63",2015,0.537,0.066
"PL63",2016,0.545,0.057
"PL63",2017,0.558,0.042
"PL63",2018,0.56,0.03
"PL63",2019,0.578,0.028
"PL71",2009,0.507,0.076
"PL71",2010,0.511,0.093
"PL71",2011,0.516,0.093
"PL71",2012,0.503,0.111
"PL71",2013,0.512,0.111
"PL71",2014,0.531,0.089
"PL71",2015,0.529,0.077
"PL71",2016,0.535,0.055
"PL71",2017,0.547,0.046
"PL71",2018,0.551,0.043
"PL71",2019,0.537,0.036
"PL72",2009,0.499,0.108
"PL72",2010,0.499,0.12
"PL72",2011,0.497,0.129
"PL72",2012,0.496,0.131
"PL72",2013,0.481,0.13
"PL72",2014,0.49,0.114
"PL72",2015,0.504,0.101
"PL72",2016,0.502,0.089
"PL72",2017,0.51,0.07
"PL72",2018,0.503,0.058
"PL72",2019,0.511,0.041
"PL81",2009,0.503,0.097
"PL81",2010,0.504,0.098
"PL81",2011,0.508,0.103
"PL81",2012,0.506,0.105
"PL81",2013,0.508,0.103
"PL81",2014,0.507,0.099
"PL81",2015,0.508,0.093
"PL81",2016,0.506,0.08
"PL81",2017,0.51,0.072
"PL81",2018,0.519,0.063
"PL81",2019,0.51,0.054
"PL82",2009,0.509,0.101
"PL82",2010,0.501,0.116
"PL82",2011,0.493,0.124
"PL82",2012,0.488,0.132
"PL82",2013,0.481,0.144
"PL82",2014,0.469,0.14
"PL82",2015,0.479,0.116
"PL82",2016,0.506,0.096
"PL82",2017,0.518,0.084
"PL82",2018,0.514,0.065
"PL82",2019,0.512,0.05
"PL84",2009,0.51,0.071
"PL84",2010,0.488,0.102
"PL84",2011,0.5,0.093
"PL84",2012,0.506,0.092
"PL84",2013,0.5,0.099
"PL84",2014,0.508,0.091
"PL84",2015,0.522,0.07
"PL84",2016,0.524,0.067
"PL84",2017,0.53,0.047
"PL84",2018,0.54,0.032
"PL84",2019,0.541,0.03
"PL91",2009,NA,NA
"PL91",2010,NA,NA
"PL91",2011,NA,NA
"PL91",2012,NA,NA
"PL91",2013,0.584,0.059
"PL91",2014,0.611,0.058
"PL91",2015,0.614,0.049
"PL91",2016,0.601,0.036
"PL91",2017,0.61,0.035
"PL91",2018,0.632,0.024
"PL91",2019,0.63,0.021
"PL92",2009,NA,NA
"PL92",2010,NA,NA
"PL92",2011,NA,NA
"PL92",2012,NA,NA
"PL92",2013,0.509,0.105
"PL92",2014,0.528,0.089
"PL92",2015,0.528,0.083
"PL92",2016,0.526,0.078
"PL92",2017,0.531,0.064
"PL92",2018,0.523,0.057
"PL92",2019,0.533,0.045
"PT11",2009,0.549,0.109
"PT11",2010,0.542,0.126
"PT11",2011,0.534,0.13
"PT11",2012,0.514,0.16
"PT11",2013,0.494,0.171
"PT11",2014,0.501,0.148
"PT11",2015,0.505,0.137
"PT11",2016,0.514,0.12
"PT11",2017,0.534,0.098
"PT11",2018,0.548,0.073
"PT11",2019,0.551,0.067
"PT15",2009,0.549,0.104
"PT15",2010,0.526,0.134
"PT15",2011,0.525,0.154
"PT15",2012,0.507,0.176
"PT15",2013,0.499,0.169
"PT15",2014,0.52,0.145
"PT15",2015,0.519,0.125
"PT15",2016,0.542,0.092
"PT15",2017,0.565,0.077
"PT15",2018,0.562,0.064
"PT15",2019,0.567,0.071
"PT16",2009,0.607,0.068
"PT16",2010,0.599,0.076
"PT16",2011,0.547,0.1
"PT16",2012,0.534,0.117
"PT16",2013,0.534,0.115
"PT16",2014,0.53,0.106
"PT16",2015,0.537,0.092
"PT16",2016,0.535,0.084
"PT16",2017,0.548,0.069
"PT16",2018,0.56,0.056
"PT16",2019,0.563,0.049
"PT17",2009,0.537,0.098
"PT17",2010,0.523,0.113
"PT17",2011,0.514,0.141
"PT17",2012,0.489,0.176
"PT17",2013,0.479,0.185
"PT17",2014,0.5,0.149
"PT17",2015,0.512,0.131
"PT17",2016,0.521,0.119
"PT17",2017,0.534,0.095
"PT17",2018,0.549,0.074
"PT17",2019,0.554,0.071
"PT18",2009,0.495,0.105
"PT18",2010,0.494,0.114
"PT18",2011,0.496,0.124
"PT18",2012,0.472,0.16
"PT18",2013,0.463,0.169
"PT18",2014,0.478,0.143
"PT18",2015,0.478,0.133
"PT18",2016,0.482,0.121
"PT18",2017,0.509,0.084
"PT18",2018,0.52,0.072
"PT18",2019,0.522,0.069
"RO11",2009,0.48,0.056
"RO11",2010,0.512,0.065
"RO11",2011,0.512,0.051
"RO11",2012,0.529,0.046
"RO11",2013,0.53,0.041
"RO11",2014,0.536,0.038
"RO11",2015,0.527,0.046
"RO11",2016,0.528,0.043
"RO11",2017,0.548,0.036
"RO11",2018,0.549,0.029
"RO11",2019,0.546,0.03
"RO12",2009,0.467,0.107
"RO12",2010,0.449,0.103
"RO12",2011,0.437,0.108
"RO12",2012,0.443,0.095
"RO12",2013,0.446,0.095
"RO12",2014,0.448,0.092
"RO12",2015,0.459,0.074
"RO12",2016,0.47,0.052
"RO12",2017,0.486,0.042
"RO12",2018,0.467,0.042
"RO12",2019,0.475,0.053
"RO21",2009,0.544,0.06
"RO21",2010,0.559,0.055
"RO21",2011,0.563,0.047
"RO21",2012,0.57,0.042
"RO21",2013,0.572,0.044
"RO21",2014,0.576,0.042
"RO21",2015,0.599,0.036
"RO21",2016,0.587,0.03
"RO21",2017,0.593,0.029
"RO21",2018,0.606,0.024
"RO21",2019,0.614,0.021
"RO22",2009,0.477,0.075
"RO22",2010,0.478,0.082
"RO22",2011,0.464,0.096
"RO22",2012,0.469,0.094
"RO22",2013,0.458,0.095
"RO22",2014,0.448,0.104
"RO22",2015,0.466,0.09
"RO22",2016,0.458,0.077
"RO22",2017,0.461,0.065
"RO22",2018,0.471,0.061
"RO22",2019,0.476,0.064
"RO31",2009,0.515,0.08
"RO31",2010,0.512,0.078
"RO31",2011,0.471,0.1
"RO31",2012,0.485,0.095
"RO31",2013,0.498,0.095
"RO31",2014,0.505,0.09
"RO31",2015,0.488,0.103
"RO31",2016,0.483,0.089
"RO31",2017,0.505,0.068
"RO31",2018,0.512,0.055
"RO31",2019,0.515,0.047
"RO32",2009,0.534,0.04
"RO32",2010,0.538,0.047
"RO32",2011,0.542,0.056
"RO32",2012,0.536,0.065
"RO32",2013,0.526,0.08
"RO32",2014,0.538,0.072
"RO32",2015,0.55,0.053
"RO32",2016,0.561,0.047
"RO32",2017,0.576,0.043
"RO32",2018,0.583,0.036
"RO32",2019,0.587,0.025
"RO41",2009,0.532,0.068
"RO41",2010,0.531,0.073
"RO41",2011,0.535,0.066
"RO41",2012,0.538,0.061
"RO41",2013,0.514,0.07
"RO41",2014,0.528,0.065
"RO41",2015,0.469,0.101
"RO41",2016,0.459,0.099
"RO41",2017,0.503,0.077
"RO41",2018,0.511,0.064
"RO41",2019,0.506,0.053
"RO42",2009,0.496,0.06
"RO42",2010,0.487,0.06
"RO42",2011,0.486,0.057
"RO42",2012,0.486,0.051
"RO42",2013,0.487,0.052
"RO42",2014,0.491,0.048
"RO42",2015,0.469,0.054
"RO42",2016,0.461,0.049
"RO42",2017,0.473,0.044
"RO42",2018,0.476,0.036
"RO42",2019,0.479,0.034
"RS11",2009,NA,NA
"RS11",2010,NA,NA
"RS11",2011,NA,NA
"RS11",2012,NA,NA
"RS11",2013,0.383,0.178
"RS11",2014,0.43,0.172
"RS11",2015,0.428,0.187
"RS11",2016,0.458,0.157
"RS11",2017,0.484,0.133
"RS11",2018,0.501,0.109
"RS11",2019,0.515,0.082
"RS12",2009,NA,NA
"RS12",2010,NA,NA
"RS12",2011,NA,NA
"RS12",2012,NA,NA
"RS12",2013,0.364,0.239
"RS12",2014,0.416,0.199
"RS12",2015,0.421,0.166
"RS12",2016,0.441,0.151
"RS12",2017,0.461,0.122
"RS12",2018,0.473,0.105
"RS12",2019,0.484,0.09
"RS21",2009,NA,NA
"RS21",2010,NA,NA
"RS21",2011,NA,NA
"RS21",2012,NA,NA
"RS21",2013,0.389,0.223
"RS21",2014,0.444,0.18
"RS21",2015,0.445,0.168
"RS21",2016,0.471,0.147
"RS21",2017,0.481,0.136
"RS21",2018,0.483,0.138
"RS21",2019,0.495,0.116
"RS22",2009,NA,NA
"RS22",2010,NA,NA
"RS22",2011,NA,NA
"RS22",2012,NA,NA
"RS22",2013,0.374,0.24
"RS22",2014,0.385,0.221
"RS22",2015,0.405,0.188
"RS22",2016,0.436,0.158
"RS22",2017,0.439,0.152
"RS22",2018,0.441,0.162
"RS22",2019,0.461,0.131
"SE11",2009,0.699,0.068
"SE11",2010,0.693,0.072
"SE11",2011,0.699,0.066
"SE11",2012,0.697,0.068
"SE11",2013,0.703,0.069
"SE11",2014,0.704,0.071
"SE11",2015,0.709,0.07
"SE11",2016,0.713,0.065
"SE11",2017,0.72,0.063
"SE11",2018,0.724,0.056
"SE11",2019,0.727,0.061
"SE12",2009,0.631,0.093
"SE12",2010,0.62,0.097
"SE12",2011,0.627,0.084
"SE12",2012,0.63,0.086
"SE12",2013,0.63,0.088
"SE12",2014,0.643,0.083
"SE12",2015,0.645,0.079
"SE12",2016,0.65,0.077
"SE12",2017,0.652,0.076
"SE12",2018,0.661,0.072
"SE12",2019,0.663,0.073
"SE21",2009,0.654,0.081
"SE21",2010,0.643,0.079
"SE21",2011,0.653,0.071
"SE21",2012,0.656,0.074
"SE21",2013,0.654,0.071
"SE21",2014,0.665,0.067
"SE21",2015,0.675,0.06
"SE21",2016,0.671,0.062
"SE21",2017,0.684,0.055
"SE21",2018,0.691,0.057
"SE21",2019,0.687,0.063
"SE22",2009,0.633,0.087
"SE22",2010,0.636,0.088
"SE22",2011,0.635,0.092
"SE22",2012,0.632,0.094
"SE22",2013,0.637,0.099
"SE22",2014,0.636,0.1
"SE22",2015,0.647,0.095
"SE22",2016,0.649,0.084
"SE22",2017,0.653,0.084
"SE22",2018,0.654,0.086
"SE22",2019,0.647,0.089
"SE23",2009,0.645,0.086
"SE23",2010,0.647,0.087
"SE23",2011,0.662,0.074
"SE23",2012,0.667,0.077
"SE23",2013,0.668,0.08
"SE23",2014,0.676,0.076
"SE23",2015,0.678,0.066
"SE23",2016,0.679,0.065
"SE23",2017,0.689,0.06
"SE23",2018,0.696,0.056
"SE23",2019,0.704,0.061
"SE31",2009,0.61,0.094
"SE31",2010,0.621,0.09
"SE31",2011,0.631,0.088
"SE31",2012,0.633,0.086
"SE31",2013,0.63,0.088
"SE31",2014,0.62,0.086
"SE31",2015,0.622,0.079
"SE31",2016,0.626,0.075
"SE31",2017,0.643,0.069
"SE31",2018,0.653,0.064
"SE31",2019,0.656,0.073
"SE32",2009,0.612,0.089
"SE32",2010,0.611,0.103
"SE32",2011,0.628,0.088
"SE32",2012,0.622,0.084
"SE32",2013,0.634,0.072
"SE32",2014,0.646,0.074
"SE32",2015,0.636,0.071
"SE32",2016,0.642,0.068
"SE32",2017,0.666,0.062
"SE32",2018,0.669,0.055
"SE32",2019,0.652,0.067
"SE33",2009,0.614,0.089
"SE33",2010,0.605,0.095
"SE33",2011,0.634,0.08
"SE33",2012,0.631,0.077
"SE33",2013,0.634,0.072
"SE33",2014,0.642,0.074
"SE33",2015,0.641,0.072
"SE33",2016,0.669,0.058
"SE33",2017,0.669,0.059
"SE33",2018,0.654,0.054
"SE33",2019,0.639,0.061
"SI03",2009,0.553,0.068
"SI03",2010,0.542,0.078
"SI03",2011,0.522,0.092
"SI03",2012,0.518,0.099
"SI03",2013,0.5,0.113
"SI03",2014,0.51,0.11
"SI03",2015,0.511,0.103
"SI03",2016,0.51,0.089
"SI03",2017,0.541,0.068
"SI03",2018,0.549,0.054
"SI03",2019,0.545,0.049
"SI04",2009,0.567,0.048
"SI04",2010,0.558,0.066
"SI04",2011,0.544,0.07
"SI04",2012,0.532,0.076
"SI04",2013,0.531,0.087
"SI04",2014,0.533,0.081
"SI04",2015,0.535,0.075
"SI04",2016,0.533,0.071
"SI04",2017,0.552,0.063
"SI04",2018,0.568,0.047
"SI04",2019,0.566,0.04
"SK01",2009,0.619,0.046
"SK01",2010,0.595,0.062
"SK01",2011,0.606,0.058
"SK01",2012,0.611,0.057
"SK01",2013,0.601,0.064
"SK01",2014,0.599,0.06
"SK01",2015,0.602,0.057
"SK01",2016,0.625,0.051
"SK01",2017,0.626,0.042
"SK01",2018,0.635,0.029
"SK01",2019,0.643,0.023
"SK02",2009,0.531,0.099
"SK02",2010,0.519,0.127
"SK02",2011,0.523,0.107
"SK02",2012,0.522,0.113
"SK02",2013,0.519,0.117
"SK02",2014,0.528,0.11
"SK02",2015,0.537,0.097
"SK02",2016,0.556,0.077
"SK02",2017,0.567,0.055
"SK02",2018,0.567,0.043
"SK02",2019,0.566,0.04
"SK03",2009,0.489,0.146
"SK03",2010,0.483,0.165
"SK03",2011,0.492,0.159
"SK03",2012,0.496,0.162
"SK03",2013,0.493,0.168
"SK03",2014,0.497,0.159
"SK03",2015,0.522,0.128
"SK03",2016,0.533,0.108
"SK03",2017,0.541,0.094
"SK03",2018,0.551,0.075
"SK03",2019,0.56,0.061
"SK04",2009,0.485,0.159
"SK04",2010,0.469,0.185
"SK04",2011,0.464,0.187
"SK04",2012,0.466,0.19
"SK04",2013,0.472,0.185
"SK04",2014,0.483,0.166
"SK04",2015,0.492,0.15
"SK04",2016,0.501,0.132
"SK04",2017,0.51,0.12
"SK04",2018,0.525,0.101
"SK04",2019,0.528,0.091
"TR10",2009,0.388,0.159
"TR10",2010,0.41,0.135
"TR10",2011,0.431,0.111
"TR10",2012,0.453,0.107
"TR10",2013,0.464,0.106
"TR10",2014,0.464,0.119
"TR10",2015,0.474,0.128
"TR10",2016,0.487,0.135
"TR10",2017,0.495,0.138
"TR10",2018,0.503,0.124
"TR10",2019,0.489,0.148
"TR21",2009,0.47,0.116
"TR21",2010,0.493,0.084
"TR21",2011,0.506,0.081
"TR21",2012,0.507,0.062
"TR21",2013,0.514,0.064
"TR21",2014,0.52,0.076
"TR21",2015,0.532,0.073
"TR21",2016,0.535,0.075
"TR21",2017,0.542,0.083
"TR21",2018,0.553,0.075
"TR21",2019,0.53,0.111
"TR22",2009,0.444,0.071
"TR22",2010,0.446,0.06
"TR22",2011,0.446,0.043
"TR22",2012,0.448,0.045
"TR22",2013,0.446,0.056
"TR22",2014,0.453,0.056
"TR22",2015,0.447,0.053
"TR22",2016,0.453,0.067
"TR22",2017,0.468,0.059
"TR22",2018,0.463,0.057
"TR22",2019,0.443,0.083
"TR31",2009,0.391,0.154
"TR31",2010,0.426,0.141
"TR31",2011,0.455,0.137
"TR31",2012,0.453,0.133
"TR31",2013,0.473,0.143
"TR31",2014,0.46,0.138
"TR31",2015,0.455,0.149
"TR31",2016,0.476,0.139
"TR31",2017,0.475,0.14
"TR31",2018,0.484,0.137
"TR31",2019,0.472,0.159
"TR32",2009,0.462,0.128
"TR32",2010,0.482,0.103
"TR32",2011,0.497,0.075
"TR32",2012,0.522,0.066
"TR32",2013,0.523,0.06
"TR32",2014,0.501,0.072
"TR32",2015,0.504,0.068
"TR32",2016,0.502,0.067
"TR32",2017,0.514,0.071
"TR32",2018,0.53,0.069
"TR32",2019,0.512,0.092
"TR33",2009,0.408,0.096
"TR33",2010,0.445,0.068
"TR33",2011,0.502,0.045
"TR33",2012,0.524,0.041
"TR33",2013,0.515,0.052
"TR33",2014,0.502,0.039
"TR33",2015,0.505,0.041
"TR33",2016,0.498,0.049
"TR33",2017,0.497,0.061
"TR33",2018,0.503,0.068
"TR33",2019,0.476,0.098
"TR41",2009,0.417,0.126
"TR41",2010,0.423,0.092
"TR41",2011,0.449,0.067
"TR41",2012,0.454,0.064
"TR41",2013,0.469,0.06
"TR41",2014,0.463,0.062
"TR41",2015,0.464,0.077
"TR41",2016,0.455,0.09
"TR41",2017,0.467,0.097
"TR41",2018,0.482,0.089
"TR41",2019,0.455,0.112
"TR42",2009,0.418,0.128
"TR42",2010,0.437,0.111
"TR42",2011,0.481,0.106
"TR42",2012,0.481,0.089
"TR42",2013,0.495,0.09
"TR42",2014,0.49,0.099
"TR42",2015,0.496,0.101
"TR42",2016,0.479,0.106
"TR42",2017,0.488,0.108
"TR42",2018,0.493,0.101
"TR42",2019,0.468,0.134
"TR51",2009,0.388,0.122
"TR51",2010,0.41,0.107
"TR51",2011,0.43,0.085
"TR51",2012,0.439,0.083
"TR51",2013,0.445,0.09
"TR51",2014,0.456,0.115
"TR51",2015,0.463,0.111
"TR51",2016,0.472,0.113
"TR51",2017,0.475,0.113
"TR51",2018,0.471,0.101
"TR51",2019,0.453,0.142
"TR52",2009,0.474,0.088
"TR52",2010,0.472,0.071
"TR52",2011,0.461,0.055
"TR52",2012,0.459,0.05
"TR52",2013,0.464,0.038
"TR52",2014,0.464,0.055
"TR52",2015,0.479,0.065
"TR52",2016,0.469,0.061
"TR52",2017,0.473,0.059
"TR52",2018,0.477,0.058
"TR52",2019,0.469,0.079
"TR61",2009,0.495,0.101
"TR61",2010,0.514,0.098
"TR61",2011,0.525,0.087
"TR61",2012,0.521,0.073
"TR61",2013,0.527,0.072
"TR61",2014,0.514,0.084
"TR61",2015,0.502,0.094
"TR61",2016,0.502,0.114
"TR61",2017,0.497,0.119
"TR61",2018,0.503,0.114
"TR61",2019,0.492,0.133
"TR62",2009,0.402,0.199
"TR62",2010,0.441,0.149
"TR62",2011,0.464,0.093
"TR62",2012,0.447,0.091
"TR62",2013,0.438,0.113
"TR62",2014,0.439,0.107
"TR62",2015,0.457,0.098
"TR62",2016,0.449,0.103
"TR62",2017,0.447,0.106
"TR62",2018,0.445,0.112
"TR62",2019,0.436,0.119
"TR63",2009,0.382,0.148
"TR63",2010,0.426,0.117
"TR63",2011,0.434,0.105
"TR63",2012,0.433,0.09
"TR63",2013,0.403,0.108
"TR63",2014,0.366,0.153
"TR63",2015,0.357,0.163
"TR63",2016,0.394,0.144
"TR63",2017,0.424,0.115
"TR63",2018,0.424,0.141
"TR63",2019,0.392,0.181
"TR71",2009,0.367,0.142
"TR71",2010,0.416,0.09
"TR71",2011,0.427,0.07
"TR71",2012,0.432,0.062
"TR71",2013,0.452,0.055
"TR71",2014,0.448,0.076
"TR71",2015,0.466,0.099
"TR71",2016,0.456,0.134
"TR71",2017,0.449,0.113
"TR71",2018,0.46,0.108
"TR71",2019,0.446,0.131
"TR72",2009,0.351,0.112
"TR72",2010,0.381,0.123
"TR72",2011,0.447,0.098
"TR72",2012,0.472,0.073
"TR72",2013,0.458,0.084
"TR72",2014,0.433,0.095
"TR72",2015,0.442,0.097
"TR72",2016,0.454,0.083
"TR72",2017,0.435,0.117
"TR72",2018,0.416,0.13
"TR72",2019,0.407,0.143
"TR81",2009,0.52,0.067
"TR81",2010,0.466,0.102
"TR81",2011,0.525,0.069
"TR81",2012,0.539,0.065
"TR81",2013,0.517,0.062
"TR81",2014,0.494,0.06
"TR81",2015,0.481,0.069
"TR81",2016,0.47,0.087
"TR81",2017,0.469,0.072
"TR81",2018,0.459,0.081
"TR81",2019,0.463,0.095
"TR82",2009,0.467,0.084
"TR82",2010,0.509,0.075
"TR82",2011,0.56,0.053
"TR82",2012,0.515,0.045
"TR82",2013,0.435,0.056
"TR82",2014,0.498,0.065
"TR82",2015,0.5,0.068
"TR82",2016,0.54,0.057
"TR82",2017,0.545,0.045
"TR82",2018,0.536,0.051
"TR82",2019,0.493,0.075
"TR83",2009,0.514,0.06
"TR83",2010,0.47,0.06
"TR83",2011,0.496,0.047
"TR83",2012,0.459,0.049
"TR83",2013,0.474,0.055
"TR83",2014,0.467,0.062
"TR83",2015,0.475,0.066
"TR83",2016,0.48,0.079
"TR83",2017,0.488,0.067
"TR83",2018,0.517,0.064
"TR83",2019,0.493,0.083
"TR90",2009,0.571,0.042
"TR90",2010,0.545,0.048
"TR90",2011,0.537,0.053
"TR90",2012,0.519,0.052
"TR90",2013,0.476,0.06
"TR90",2014,0.495,0.062
"TR90",2015,0.512,0.048
"TR90",2016,0.52,0.045
"TR90",2017,0.522,0.035
"TR90",2018,0.512,0.061
"TR90",2019,0.508,0.098
"TRA1",2009,0.481,0.063
"TRA1",2010,0.495,0.055
"TRA1",2011,0.473,0.056
"TRA1",2012,0.454,0.055
"TRA1",2013,0.469,0.061
"TRA1",2014,0.468,0.073
"TRA1",2015,0.476,0.06
"TRA1",2016,0.47,0.049
"TRA1",2017,0.466,0.053
"TRA1",2018,0.447,0.074
"TRA1",2019,0.426,0.112
"TRA2",2009,0.463,0.075
"TRA2",2010,0.457,0.087
"TRA2",2011,0.487,0.091
"TRA2",2012,0.509,0.063
"TRA2",2013,0.544,0.056
"TRA2",2014,0.53,0.033
"TRA2",2015,0.523,0.039
"TRA2",2016,0.486,0.048
"TRA2",2017,0.48,0.055
"TRA2",2018,0.474,0.053
"TRA2",2019,0.429,0.095
"TRB1",2009,0.385,0.148
"TRB1",2010,0.417,0.106
"TRB1",2011,0.432,0.078
"TRB1",2012,0.457,0.058
"TRB1",2013,0.495,0.057
"TRB1",2014,0.433,0.075
"TRB1",2015,0.442,0.079
"TRB1",2016,0.448,0.088
"TRB1",2017,0.479,0.068
"TRB1",2018,0.48,0.08
"TRB1",2019,0.463,0.098
"TRB2",2009,0.347,0.146
"TRB2",2010,0.365,0.155
"TRB2",2011,0.416,0.11
"TRB2",2012,0.418,0.075
"TRB2",2013,0.411,0.092
"TRB2",2014,0.42,0.134
"TRB2",2015,0.424,0.097
"TRB2",2016,0.386,0.091
"TRB2",2017,0.417,0.126
"TRB2",2018,0.382,0.216
"TRB2",2019,0.379,0.257
"TRC1",2009,0.348,0.143
"TRC1",2010,0.394,0.114
"TRC1",2011,0.364,0.132
"TRC1",2012,0.384,0.106
"TRC1",2013,0.419,0.062
"TRC1",2014,0.397,0.081
"TRC1",2015,0.388,0.097
"TRC1",2016,0.387,0.139
"TRC1",2017,0.398,0.143
"TRC1",2018,0.408,0.123
"TRC1",2019,0.402,0.151
"TRC2",2009,0.28,0.167
"TRC2",2010,0.293,0.111
"TRC2",2011,0.3,0.068
"TRC2",2012,0.269,0.06
"TRC2",2013,0.314,0.16
"TRC2",2014,0.35,0.175
"TRC2",2015,0.36,0.174
"TRC2",2016,0.374,0.172
"TRC2",2017,0.414,0.138
"TRC2",2018,0.389,0.186
"TRC2",2019,0.357,0.232
"TRC3",2009,0.267,0.138
"TRC3",2010,0.317,0.104
"TRC3",2011,0.296,0.103
"TRC3",2012,0.275,0.188
"TRC3",2013,0.291,0.194
"TRC3",2014,0.283,0.24
"TRC3",2015,0.289,0.244
"TRC3",2016,0.281,0.281
"TRC3",2017,0.283,0.269
"TRC3",2018,0.305,0.248
"TRC3",2019,0.301,0.308
"UKC1",2009,0.518,0.083
"UKC1",2010,0.539,0.091
"UKC1",2011,0.522,0.118
"UKC1",2012,0.513,0.115
"UKC1",2013,0.511,0.109
"UKC1",2014,0.533,0.098
"UKC1",2015,0.54,0.085
"UKC1",2016,0.549,0.069
"UKC1",2017,0.561,0.052
"UKC1",2018,0.565,0.044
"UKC1",2019,0.554,0.056
"UKC2",2009,0.546,0.098
"UKC2",2010,0.534,0.096
"UKC2",2011,0.531,0.098
"UKC2",2012,0.551,0.09
"UKC2",2013,0.546,0.092
"UKC2",2014,0.558,0.083
"UKC2",2015,0.551,0.077
"UKC2",2016,0.565,0.071
"UKC2",2017,0.572,0.058
"UKC2",2018,0.556,0.052
"UKC2",2019,0.557,0.056
"UKD1",2009,0.56,0.064
"UKD1",2010,0.582,0.065
"UKD1",2011,0.569,0.07
"UKD1",2012,0.587,0.063
"UKD1",2013,0.587,0.051
"UKD1",2014,0.562,0.05
"UKD1",2015,0.606,0.042
"UKD1",2016,0.582,0.037
"UKD1",2017,0.592,0.034
"UKD1",2018,0.597,0.019
"UKD1",2019,0.619,0.02
"UKD3",2009,0.561,0.095
"UKD3",2010,0.565,0.087
"UKD3",2011,0.563,0.097
"UKD3",2012,0.556,0.101
"UKD3",2013,0.557,0.094
"UKD3",2014,0.579,0.079
"UKD3",2015,0.584,0.065
"UKD3",2016,0.591,0.061
"UKD3",2017,0.607,0.04
"UKD3",2018,0.6,0.042
"UKD3",2019,0.604,0.051
"UKD4",2009,0.561,0.072
"UKD4",2010,0.585,0.059
"UKD4",2011,0.562,0.068
"UKD4",2012,0.556,0.078
"UKD4",2013,0.538,0.072
"UKD4",2014,0.55,0.065
"UKD4",2015,0.573,0.045
"UKD4",2016,0.583,0.044
"UKD4",2017,0.596,0.042
"UKD4",2018,0.583,0.048
"UKD4",2019,0.589,0.037
"UKD6",2009,0.605,0.06
"UKD6",2010,0.588,0.061
"UKD6",2011,0.59,0.057
"UKD6",2012,0.585,0.059
"UKD6",2013,0.586,0.052
"UKD6",2014,0.603,0.034
"UKD6",2015,0.578,0.035
"UKD6",2016,0.577,0.032
"UKD6",2017,0.586,0.031
"UKD6",2018,0.592,0.032
"UKD6",2019,0.583,0.032
"UKD7",2009,0.527,0.096
"UKD7",2010,0.515,0.105
"UKD7",2011,0.519,0.1
"UKD7",2012,0.536,0.097
"UKD7",2013,0.532,0.089
"UKD7",2014,0.522,0.074
"UKD7",2015,0.547,0.058
"UKD7",2016,0.552,0.049
"UKD7",2017,0.548,0.052
"UKD7",2018,0.58,0.04
"UKD7",2019,0.578,0.038
"UKE1",2009,0.564,0.094
"UKE1",2010,0.557,0.094
"UKE1",2011,0.569,0.089
"UKE1",2012,0.543,0.097
"UKE1",2013,0.559,0.084
"UKE1",2014,0.562,0.08
"UKE1",2015,0.562,0.064
"UKE1",2016,0.576,0.055
"UKE1",2017,0.552,0.046
"UKE1",2018,0.564,0.056
"UKE1",2019,0.561,0.046
"UKE2",2009,0.592,0.054
"UKE2",2010,0.589,0.067
"UKE2",2011,0.577,0.065
"UKE2",2012,0.603,0.05
"UKE2",2013,0.593,0.044
"UKE2",2014,0.585,0.045
"UKE2",2015,0.607,0.031
"UKE2",2016,0.609,0.029
"UKE2",2017,0.606,0.041
"UKE2",2018,0.596,0.033
"UKE2",2019,0.617,0.027
"UKE3",2009,0.514,0.096
"UKE3",2010,0.531,0.094
"UKE3",2011,0.539,0.106
"UKE3",2012,0.543,0.104
"UKE3",2013,0.558,0.105
"UKE3",2014,0.575,0.088
"UKE3",2015,0.543,0.074
"UKE3",2016,0.549,0.071
"UKE3",2017,0.563,0.056
"UKE3",2018,0.579,0.05
"UKE3",2019,0.564,0.051
"UKE4",2009,0.58,0.086
"UKE4",2010,0.564,0.097
"UKE4",2011,0.543,0.097
"UKE4",2012,0.56,0.094
"UKE4",2013,0.564,0.093
"UKE4",2014,0.574,0.067
"UKE4",2015,0.588,0.066
"UKE4",2016,0.591,0.058
"UKE4",2017,0.592,0.048
"UKE4",2018,0.596,0.047
"UKE4",2019,0.594,0.046
"UKF1",2009,0.579,0.072
"UKF1",2010,0.553,0.088
"UKF1",2011,0.553,0.088
"UKF1",2012,0.561,0.083
"UKF1",2013,0.568,0.072
"UKF1",2014,0.567,0.061
"UKF1",2015,0.585,0.048
"UKF1",2016,0.599,0.045
"UKF1",2017,0.592,0.036
"UKF1",2018,0.59,0.044
"UKF1",2019,0.61,0.039
"UKF2",2009,0.616,0.073
"UKF2",2010,0.603,0.072
"UKF2",2011,0.615,0.075
"UKF2",2012,0.605,0.07
"UKF2",2013,0.585,0.078
"UKF2",2014,0.609,0.053
"UKF2",2015,0.616,0.044
"UKF2",2016,0.61,0.045
"UKF2",2017,0.596,0.046
"UKF2",2018,0.603,0.042
"UKF2",2019,0.629,0.042
"UKF3",2009,0.563,0.063
"UKF3",2010,0.57,0.049
"UKF3",2011,0.58,0.065
"UKF3",2012,0.539,0.085
"UKF3",2013,0.562,0.064
"UKF3",2014,0.597,0.046
"UKF3",2015,0.563,0.045
"UKF3",2016,0.557,0.043
"UKF3",2017,0.566,0.037
"UKF3",2018,0.572,0.042
"UKF3",2019,0.544,0.036
"UKG1",2009,0.6,0.064
"UKG1",2010,0.586,0.063
"UKG1",2011,0.58,0.061
"UKG1",2012,0.608,0.049
"UKG1",2013,0.607,0.051
"UKG1",2014,0.603,0.044
"UKG1",2015,0.614,0.032
"UKG1",2016,0.599,0.037
"UKG1",2017,0.587,0.029
"UKG1",2018,0.62,0.03
"UKG1",2019,0.606,0.029
"UKG2",2009,0.591,0.071
"UKG2",2010,0.572,0.077
"UKG2",2011,0.571,0.079
"UKG2",2012,0.576,0.067
"UKG2",2013,0.581,0.062
"UKG2",2014,0.576,0.053
"UKG2",2015,0.587,0.046
"UKG2",2016,0.614,0.042
"UKG2",2017,0.609,0.049
"UKG2",2018,0.599,0.037
"UKG2",2019,0.611,0.033
"UKG3",2009,0.511,0.13
"UKG3",2010,0.527,0.111
"UKG3",2011,0.518,0.113
"UKG3",2012,0.526,0.117
"UKG3",2013,0.519,0.13
"UKG3",2014,0.532,0.097
"UKG3",2015,0.53,0.079
"UKG3",2016,0.546,0.075
"UKG3",2017,0.548,0.072
"UKG3",2018,0.571,0.065
"UKG3",2019,0.576,0.059
"UKH1",2009,0.602,0.059
"UKH1",2010,0.578,0.066
"UKH1",2011,0.588,0.063
"UKH1",2012,0.594,0.064
"UKH1",2013,0.581,0.062
"UKH1",2014,0.605,0.05
"UKH1",2015,0.604,0.043
"UKH1",2016,0.604,0.038
"UKH1",2017,0.598,0.039
"UKH1",2018,0.604,0.035
"UKH1",2019,0.615,0.029
"UKH2",2009,0.619,0.059
"UKH2",2010,0.622,0.06
"UKH2",2011,0.617,0.067
"UKH2",2012,0.616,0.063
"UKH2",2013,0.63,0.056
"UKH2",2014,0.641,0.043
"UKH2",2015,0.638,0.038
"UKH2",2016,0.632,0.041
"UKH2",2017,0.628,0.037
"UKH2",2018,0.619,0.029
"UKH2",2019,0.634,0.027
"UKH3",2009,0.582,0.069
"UKH3",2010,0.579,0.07
"UKH3",2011,0.593,0.068
"UKH3",2012,0.593,0.074
"UKH3",2013,0.597,0.063
"UKH3",2014,0.574,0.062
"UKH3",2015,0.607,0.043
"UKH3",2016,0.61,0.038
"UKH3",2017,0.609,0.042
"UKH3",2018,0.629,0.028
"UKH3",2019,0.62,0.032
"UKI1",2009,0.599,0.095
"UKI1",2010,0.593,0.095
"UKI1",2011,0.592,0.0985
"UKI1",2012,0.6145,0.0875
"UKI1",2013,0.6235,0.083
"UKI1",2014,0.646,0.07
"UKI1",2015,0.647,0.063
"UKI1",2016,0.6605,0.0595
"UKI1",2017,0.6545,0.0545
"UKI1",2018,0.667,0.047
"UKI1",2019,0.6725,0.039
"UKI2",2009,0.589,0.086
"UKI2",2010,0.593333333333333,0.0856666666666667
"UKI2",2011,0.589333333333333,0.0926666666666667
"UKI2",2012,0.592,0.0866666666666667
"UKI2",2013,0.605666666666667,0.0843333333333333
"UKI2",2014,0.619666666666667,0.065
"UKI2",2015,0.624333333333333,0.0586666666666667
"UKI2",2016,0.633,0.049
"UKI2",2017,0.641,0.0513333333333333
"UKI2",2018,0.646333333333333,0.047
"UKI2",2019,0.638,0.0453333333333333
"UKI3",2009,NA,NA
"UKI3",2010,0.59,0.081
"UKI3",2011,0.596,0.077
"UKI3",2012,0.626,0.068
"UKI3",2013,0.617,0.068
"UKI3",2014,0.646,0.062
"UKI3",2015,0.637,0.054
"UKI3",2016,0.67,0.047
"UKI3",2017,0.639,0.056
"UKI3",2018,0.644,0.051
"UKI3",2019,0.651,0.038
"UKI4",2009,NA,NA
"UKI4",2010,0.596,0.109
"UKI4",2011,0.588,0.12
"UKI4",2012,0.603,0.107
"UKI4",2013,0.63,0.098
"UKI4",2014,0.646,0.078
"UKI4",2015,0.657,0.072
"UKI4",2016,0.651,0.072
"UKI4",2017,0.67,0.053
"UKI4",2018,0.69,0.043
"UKI4",2019,0.694,0.04
"UKI5",2009,NA,NA
"UKI5",2010,0.561,0.1
"UKI5",2011,0.571,0.111
"UKI5",2012,0.566,0.095
"UKI5",2013,0.566,0.095
"UKI5",2014,0.589,0.074
"UKI5",2015,0.61,0.075
"UKI5",2016,0.626,0.055
"UKI5",2017,0.632,0.056
"UKI5",2018,0.646,0.046
"UKI5",2019,0.63,0.044
"UKI6",2009,NA,NA
"UKI6",2010,0.618,0.071
"UKI6",2011,0.605,0.082
"UKI6",2012,0.607,0.073
"UKI6",2013,0.646,0.074
"UKI6",2014,0.637,0.059
"UKI6",2015,0.635,0.046
"UKI6",2016,0.639,0.042
"UKI6",2017,0.654,0.049
"UKI6",2018,0.662,0.047
"UKI6",2019,0.667,0.041
"UKI7",2009,NA,NA
"UKI7",2010,0.601,0.086
"UKI7",2011,0.592,0.085
"UKI7",2012,0.603,0.092
"UKI7",2013,0.605,0.084
"UKI7",2014,0.633,0.062
"UKI7",2015,0.628,0.055
"UKI7",2016,0.634,0.05
"UKI7",2017,0.637,0.049
"UKI7",2018,0.631,0.048
"UKI7",2019,0.617,0.051
"UKJ1",2009,0.65,0.054
"UKJ1",2010,0.642,0.058
"UKJ1",2011,0.646,0.052
"UKJ1",2012,0.651,0.057
"UKJ1",2013,0.647,0.052
"UKJ1",2014,0.655,0.042
"UKJ1",2015,0.666,0.035
"UKJ1",2016,0.668,0.027
"UKJ1",2017,0.67,0.029
"UKJ1",2018,0.669,0.03
"UKJ1",2019,0.671,0.028
"UKJ2",2009,0.603,0.056
"UKJ2",2010,0.613,0.051
"UKJ2",2011,0.598,0.053
"UKJ2",2012,0.598,0.059
"UKJ2",2013,0.609,0.055
"UKJ2",2014,0.606,0.046
"UKJ2",2015,0.605,0.037
"UKJ2",2016,0.617,0.035
"UKJ2",2017,0.631,0.032
"UKJ2",2018,0.595,0.036
"UKJ2",2019,0.627,0.026
"UKJ3",2009,0.612,0.052
"UKJ3",2010,0.603,0.063
"UKJ3",2011,0.598,0.06
"UKJ3",2012,0.595,0.063
"UKJ3",2013,0.609,0.057
"UKJ3",2014,0.617,0.042
"UKJ3",2015,0.604,0.041
"UKJ3",2016,0.615,0.037
"UKJ3",2017,0.613,0.031
"UKJ3",2018,0.619,0.027
"UKJ3",2019,0.609,0.032
"UKJ4",2009,0.581,0.073
"UKJ4",2010,0.567,0.077
"UKJ4",2011,0.57,0.082
"UKJ4",2012,0.56,0.08
"UKJ4",2013,0.562,0.076
"UKJ4",2014,0.58,0.057
"UKJ4",2015,0.591,0.053
"UKJ4",2016,0.585,0.045
"UKJ4",2017,0.6,0.037
"UKJ4",2018,0.602,0.043
"UKJ4",2019,0.605,0.039
"UKK1",2009,0.626,0.057
"UKK1",2010,0.619,0.054
"UKK1",2011,0.599,0.065
"UKK1",2012,0.609,0.061
"UKK1",2013,0.607,0.062
"UKK1",2014,0.617,0.048
"UKK1",2015,0.63,0.039
"UKK1",2016,0.637,0.036
"UKK1",2017,0.64,0.039
"UKK1",2018,0.649,0.029
"UKK1",2019,0.641,0.027
"UKK2",2009,0.553,0.065
"UKK2",2010,0.568,0.054
"UKK2",2011,0.561,0.06
"UKK2",2012,0.559,0.051
"UKK2",2013,0.585,0.054
"UKK2",2014,0.583,0.045
"UKK2",2015,0.592,0.039
"UKK2",2016,0.565,0.043
"UKK2",2017,0.585,0.028
"UKK2",2018,0.589,0.031
"UKK2",2019,0.59,0.021
"UKK3",2009,0.555,0.051
"UKK3",2010,0.536,0.081
"UKK3",2011,0.533,0.062
"UKK3",2012,0.525,0.055
"UKK3",2013,0.53,0.056
"UKK3",2014,0.562,0.038
"UKK3",2015,0.56,0.045
"UKK3",2016,0.579,0.037
"UKK3",2017,0.552,0.024
"UKK3",2018,0.557,0.026
"UKK3",2019,0.566,0.021
"UKK4",2009,0.562,0.071
"UKK4",2010,0.562,0.065
"UKK4",2011,0.582,0.065
"UKK4",2012,0.576,0.058
"UKK4",2013,0.54,0.07
"UKK4",2014,0.559,0.05
"UKK4",2015,0.585,0.037
"UKK4",2016,0.581,0.035
"UKK4",2017,0.591,0.04
"UKK4",2018,0.587,0.033
"UKK4",2019,0.617,0.03
"UKL1",2009,0.515,0.089
"UKL1",2010,0.516,0.092
"UKL1",2011,0.523,0.099
"UKL1",2012,0.53,0.092
"UKL1",2013,0.53,0.078
"UKL1",2014,0.531,0.069
"UKL1",2015,0.548,0.065
"UKL1",2016,0.568,0.049
"UKL1",2017,0.556,0.046
"UKL1",2018,0.566,0.049
"UKL1",2019,0.556,0.04
"UKL2",2009,0.581,0.067
"UKL2",2010,0.582,0.078
"UKL2",2011,0.579,0.065
"UKL2",2012,0.56,0.076
"UKL2",2013,0.588,0.074
"UKL2",2014,0.568,0.061
"UKL2",2015,0.569,0.048
"UKL2",2016,0.572,0.036
"UKL2",2017,0.587,0.043
"UKL2",2018,0.612,0.027
"UKL2",2019,0.614,0.032
"UKM2",2009,0.586,0.076
"UKM2",2010,0.578,0.078
"UKM2",2011,0.586,0.074
"UKM2",2012,0.582,0.076
"UKM2",2013,NA,NA
"UKM2",2014,NA,NA
"UKM2",2015,NA,NA
"UKM2",2016,NA,NA
"UKM2",2017,NA,NA
"UKM2",2018,NA,NA
"UKM2",2019,NA,NA
"UKM3",2009,0.561,0.075
"UKM3",2010,0.546,0.101
"UKM3",2011,0.546,0.096
"UKM3",2012,0.55,0.092
"UKM3",2013,NA,NA
"UKM3",2014,NA,NA
"UKM3",2015,NA,NA
"UKM3",2016,NA,NA
"UKM3",2017,NA,NA
"UKM3",2018,NA,NA
"UKM3",2019,NA,NA
"UKM5",2009,0.66,0.036
"UKM5",2010,0.652,0.036
"UKM5",2011,0.632,0.046
"UKM5",2012,0.659,0.047
"UKM5",2013,0.635,0.047
"UKM5",2014,0.663,0.04
"UKM5",2015,0.661,0.032
"UKM5",2016,0.648,0.051
"UKM5",2017,0.636,0.042
"UKM5",2018,0.613,0.035
"UKM5",2019,0.622,0.032
"UKM6",2009,0.603,0.043
"UKM6",2010,0.561,0.07
"UKM6",2011,0.578,0.069
"UKM6",2012,0.519,0.081
"UKM6",2013,0.623,0.044
"UKM6",2014,0.585,0.039
"UKM6",2015,0.572,0.028
"UKM6",2016,0.541,0.035
"UKM6",2017,0.574,0.026
"UKM6",2018,0.574,0.022
"UKM6",2019,0.54,NA
"UKM7",2009,NA,NA
"UKM7",2010,NA,NA
"UKM7",2011,NA,NA
"UKM7",2012,NA,NA
"UKM7",2013,0.584,0.075
"UKM7",2014,0.595,0.058
"UKM7",2015,0.599,0.06
"UKM7",2016,0.597,0.048
"UKM7",2017,0.602,0.037
"UKM7",2018,0.618,0.036
"UKM7",2019,0.623,0.034
"UKM8",2009,NA,NA
"UKM8",2010,NA,NA
"UKM8",2011,NA,NA
"UKM8",2012,NA,NA
"UKM8",2013,0.562,0.081
"UKM8",2014,0.55,0.078
"UKM8",2015,0.573,0.071
"UKM8",2016,0.585,0.053
"UKM8",2017,0.582,0.047
"UKM8",2018,0.586,0.051
"UKM8",2019,0.577,0.045
"UKM9",2009,NA,NA
"UKM9",2010,NA,NA
"UKM9",2011,NA,NA
"UKM9",2012,NA,NA
"UKM9",2013,0.553,0.078
"UKM9",2014,0.606,0.053
"UKM9",2015,0.584,0.06
"UKM9",2016,0.568,0.062
"UKM9",2017,0.592,0.047
"UKM9",2018,0.559,0.032
"UKM9",2019,0.562,0.031
"UKN0",2009,0.541,0.064
"UKN0",2010,0.55,0.071
"UKN0",2011,0.556,0.072
"UKN0",2012,0.555,0.074
"UKN0",2013,0.551,0.075
"UKN0",2014,0.559,0.064
"UKN0",2015,0.561,0.061
"UKN0",2016,0.571,0.057
"UKN0",2017,0.562,0.045
"UKN0",2018,0.573,0.036
"UKN0",2019,0.585,0.027
"XK00",2009,0.232,0.454
"XK00",2010,NA,NA
"XK00",2011,NA,NA
"XK00",2012,0.23143,0.30879
"XK00",2013,0.25667,0.29766
"XK00",2014,0.24055,0.35264
"XK00",2015,0.22488,0.3284
"XK00",2016,0.24743,0.27491
"XK00",2017,0.25934,0.30344
"XK00",2018,0.26188,0.27761
"XK00",2019,0.26747,0.25069
